keyword,title,listing_url,item_number,sku,price,currency,min_order_quantity,max_order_quantity,units_available,brand,category,description,seller_name,seller_profile_url,seller_rating,seller_total_reviews,seller_email,seller_business_name,seller_country,seller_state_province,seller_zip_code,seller_phone,seller_address,scraped_at,last_updated
hair dryer,Plasma AiHairDryerhigh PerformanceHairStraightener Constant Temperature Blowing Does Not Perm The Scalp HouseholdHairDryerProfessional Handheld Blow Dry,https://baiyisen.en.made-in-china.com/product/sRBYwtnKZmkN/China-Plasma-Ai-Hair-Dryerhigh-Performance-Hair-Straightener-Constant-Temperature-Blowing-Does-Not-Perm-The-Scalp-Household-Hair-Dryer-Professional-Handheld-Blow-Dry.html,sRBYwtnKZmkN,sRBYwtnKZmkN,30.0,USD,,,,,,,"Shenzhen Baiyisen Health Technology Co., Ltd.",https://baiyisen.en.made-in-china.com,,,,,,,,,,2025-08-12T12:58:21.236626,
hair dryer,Bidisco Custom Private Label Ionic Negative Ion AnionHairDryersHigh Quality Professional BlowHairDryer,https://bidisco.en.made-in-china.com/product/DatrAHOoITWQ/China-Bidisco-Custom-Private-Label-Ionic-Negative-Ion-Anion-Hair-Dryers-High-Quality-Professional-Blow-Hair-Dryer.html,DatrAHOoITWQ,DatrAHOoITWQ,11.96,USD,,,,,,,"Dongguan Bidisco Electric CO., LTD",https://bidisco.en.made-in-china.com,,,,,,,,,,2025-08-12T12:58:21.246140,
hair dryer,Negative Ion Technology Professional Salon Performance & Fast DryingHairDryer,https://cy-electronic.en.made-in-china.com/product/FEergoqTndpb/China-Negative-Ion-Technology-Professional-Salon-Performance-Fast-Drying-Hair-Dryer.html,FEergoqTndpb,FEergoqTndpb,36.0,USD,,,,,,,"Chaozhou Chengying Technology Co., Ltd",https://cy-electronic.en.made-in-china.com,,,,,,,,,,2025-08-12T12:58:21.255375,
hair dryer,China Manufacturers Professional Salon 2000W Negative Ionic BLDCHairDryerBrushless High Speed FoldableHairBlowDryer,https://huipuhairdryer.en.made-in-china.com/product/VtPrCQzoYlkh/China-China-Manufacturers-Professional-Salon-2000W-Negative-Ionic-BLDC-Hair-Dryer-Brushless-High-Speed-Foldable-Hair-Blow-Dryer.html,VtPrCQzoYlkh,VtPrCQzoYlkh,36.0,USD,,,,,,,"Wenzhou Huipu Electrical Appliance Co., Ltd.",https://huipuhairdryer.en.made-in-china.com,,,,,,,,,,2025-08-12T12:58:21.262885,
hair dryer,1800-2200W High Speed IonHairDryerBrushless DC Motor Home TravelHairDryer,https://fiyele.en.made-in-china.com/product/PThYoygMkOWF/China-1800-2200W-High-Speed-Ion-Hair-Dryer-Brushless-DC-Motor-Home-Travel-Hair-Dryer.html,PThYoygMkOWF,PThYoygMkOWF,13.11,USD,,,,,,,"Yueqing Fiy Electric Co., Ltd.",https://fiyele.en.made-in-china.com,,,,,,,,,,2025-08-12T12:58:21.270900,
hair dryer,High Quality Hot Selling Quick Drying 113000rpm Negative Ion ProfessionalHairDryer,https://dglizbella.en.made-in-china.com/product/aATrhPHDTLkU/China-High-Quality-Hot-Selling-Quick-Drying-113000rpm-Negative-Ion-Professional-Hair-Dryer.html,aATrhPHDTLkU,aATrhPHDTLkU,38.0,USD,,,,,,,"Dongguan Zhimi Electrical Technology Co., Ltd.",https://dglizbella.en.made-in-china.com,,,,,,,,,,2025-08-12T12:58:21.279999,
hair dryer,ABS Materials Wall-Mounted HotelHairDryer,https://wontry.en.made-in-china.com/product/djWQeBGUZTkh/China-ABS-Materials-Wall-Mounted-Hotel-Hair-Dryer.html,djWQeBGUZTkh,djWQeBGUZTkh,11.0,USD,,,,,,,"Wenzhou Won-Try Electric Appliance Co., Ltd.",https://wontry.en.made-in-china.com,,,,,,,,,,2025-08-12T12:58:21.287001,
hair dryer,"Negative Ionic BlowDryerwith 110, 000 RpmHairDryer",https://mktslkt-a.en.made-in-china.com/product/sGqRTHVunCkK/China-Negative-Ionic-Blow-Dryer-with-110-000-Rpm-Hair-Dryer.html,sGqRTHVunCkK,sGqRTHVunCkK,6.0,USD,,,,,,,"Market Union Co., Ltd.",https://mktslkt-a.en.made-in-china.com,,,,,,,,,,2025-08-12T12:58:21.296183,
hair dryer,Koofex Ionic 110000rpm BLDCHairDryerHigh Speed Brushless Motor BlowDryer,https://koofex.en.made-in-china.com/product/fAPUcXzxYoWd/China-Koofex-Ionic-110000rpm-BLDC-Hair-Dryer-High-Speed-Brushless-Motor-Blow-Dryer.html?ads_tp=&ads_id=vyBTXLqckPle,fAPUcXzxYoWd,fAPUcXzxYoWd,9.8,USD,,,,,,,"Guangzhou KooFex Appliances Co., Ltd.",https://koofex.en.made-in-china.com?ads_tp=&ads_id=vyBTXLqckPle,,,,,,,,,,2025-08-12T12:58:21.306698,
hair dryer,High Speed 110000rpm BrushlessHairDryerFast Hairdryer 20 Million Negative IonicHairDryerhair BlowDryerHigh Speed IonicHairDryerfor Professional Salon,https://baiyisen.en.made-in-china.com/product/hnBRxQLHVdUu/China-High-Speed-110000rpm-Brushless-Hair-Dryer-Fast-Hairdryer-20-Million-Negative-Ionic-Hair-Dryerhair-Blow-Dryer-High-Speed-Ionic-Hair-Dryer-for-Professional-Salon.html,hnBRxQLHVdUu,hnBRxQLHVdUu,31.0,USD,,,,,,,"Shenzhen Baiyisen Health Technology Co., Ltd.",https://baiyisen.en.made-in-china.com,,,,,,,,,,2025-08-12T12:58:21.317210,
hair dryer,Salon High Speed Professional Anion LeaflessHairDryerwith Anti-Frizz Features Warranty,https://shanghaijinglang.en.made-in-china.com/product/LGjYEkMoYIhp/China-Salon-High-Speed-Professional-Anion-Leafless-Hair-Dryer-with-Anti-Frizz-Features-Warranty.html,LGjYEkMoYIhp,LGjYEkMoYIhp,15.0,USD,,,,,,,"Jinglang Electric Appliances (Shanghai) Co., Ltd.",https://shanghaijinglang.en.made-in-china.com,,,,,,,,,,2025-08-12T12:58:21.330078,
hair dryer,2024 Hot Selling Ionic Professional Salon LED Display ScreenHairBlowerDryerBLDC 2000W High Power 3 in 1 One StepHairDryer,https://huipuhairdryer.en.made-in-china.com/product/qAFrWZdlfLVJ/China-2024-Hot-Selling-Ionic-Professional-Salon-LED-Display-Screen-Hair-Blower-Dryer-BLDC-2000W-High-Power-3-in-1-One-Step-Hair-Dryer.html,qAFrWZdlfLVJ,qAFrWZdlfLVJ,37.0,USD,,,,,,,"Wenzhou Huipu Electrical Appliance Co., Ltd.",https://huipuhairdryer.en.made-in-china.com,,,,,,,,,,2025-08-12T12:58:21.340665,
hair dryer,High Speed 110000 Rpm Brushless Negative IonHairDryer,https://bidisco.en.made-in-china.com/product/YxVrUdDObecp/China-High-Speed-110000-Rpm-Brushless-Negative-Ion-Hair-Dryer.html,YxVrUdDObecp,YxVrUdDObecp,29.3,USD,,,,,,,"Dongguan Bidisco Electric CO., LTD",https://bidisco.en.made-in-china.com,,,,,,,,,,2025-08-12T12:58:21.349732,
hair dryer,Source Factoryhigh Speed 110000rpm High Speed Best HouseholdHairPattern Blow Dryer5 In1 Hot Air Brush Comb BlowDryerBrushhair Stylerfactory New Design BLDC,https://baiyisen.en.made-in-china.com/product/LtnRcvrVIJpB/China-Source-Factoryhigh-Speed-110000rpm-High-Speed-Best-Household-Hair-Pattern-Blow-Dryer5-In1-Hot-Air-Brush-Comb-Blow-Dryer-Brushhair-Stylerfactory-New-Design-BLDC.html,LtnRcvrVIJpB,LtnRcvrVIJpB,27.8,USD,,,,,,,"Shenzhen Baiyisen Health Technology Co., Ltd.",https://baiyisen.en.made-in-china.com,,,,,,,,,,2025-08-12T12:58:21.358485,
hair dryer,High Speed Constant Temperature Negative IonHairDryerProfessional Hammer Electric BlowerDryer,https://huipuhairdryer.en.made-in-china.com/product/EADYOxfTBHkQ/China-High-Speed-Constant-Temperature-Negative-Ion-Hair-Dryer-Professional-Hammer-Electric-Blower-Dryer.html,EADYOxfTBHkQ,EADYOxfTBHkQ,21.9,USD,,,,,,,"Wenzhou Huipu Electrical Appliance Co., Ltd.",https://huipuhairdryer.en.made-in-china.com,,,,,,,,,,2025-08-12T12:58:21.367249,
hair dryer,High Quality Professional Drayer DC MotorHairBlowDryer2000W Drayer BlowDryers,https://reputable-trading.en.made-in-china.com/product/MTRrptxEBukW/China-High-Quality-Professional-Drayer-DC-Motor-Hair-Blow-Dryer-2000W-Drayer-Blow-Dryers.html,MTRrptxEBukW,MTRrptxEBukW,7.86,USD,,,,,,,"Yiwu Reputable Trade Co., Ltd.",https://reputable-trading.en.made-in-china.com,,,,,,,,,,2025-08-12T12:58:21.374757,
hair dryer,Fast DryingHairCare Dsn HD15HairDryerHome Appliance Negative IonsDryer,https://himtop.en.made-in-china.com/product/pdjAniDyaHfx/China-Fast-Drying-Hair-Care-Dsn-HD15-Hair-Dryer-Home-Appliance-Negative-Ions-Dryer.html,pdjAniDyaHfx,pdjAniDyaHfx,55.0,USD,,,,,,,"Shenzhen Himtop Technology Co., Ltd.",https://himtop.en.made-in-china.com,,,,,,,,,,2025-08-12T12:58:21.385277,
hair dryer,"Curling Iron for Effortless Long-Lasting Curls 5-in-1 Curling IronHairDryerSet 110, 000 Rpm Silent Brushless Motor",https://baiyisen.en.made-in-china.com/product/NGAUsdnxIErz/China-Curling-Iron-for-Effortless-Long-Lasting-Curls-5-in-1-Curling-Iron-Hair-Dryer-Set-110-000-Rpm-Silent-Brushless-Motor.html,NGAUsdnxIErz,NGAUsdnxIErz,30.0,USD,,,,,,,"Shenzhen Baiyisen Health Technology Co., Ltd.",https://baiyisen.en.made-in-china.com,,,,,,,,,,2025-08-12T12:58:21.396795,
hair dryer,OEM Customized 1200W Professional Electric Ionic BlowHairDryer,https://bidisco.en.made-in-china.com/product/gwHfLGSyEshu/China-OEM-Customized-1200W-Professional-Electric-Ionic-Blow-Hair-Dryer.html,gwHfLGSyEshu,gwHfLGSyEshu,12.36,USD,,,,,,,"Dongguan Bidisco Electric CO., LTD",https://bidisco.en.made-in-china.com,,,,,,,,,,2025-08-12T12:58:21.409316,
hair dryer,Lightweight Build 1600W Motor Cool Shot Function Negative Ion TechnologyHairDryer,https://cy-electronic.en.made-in-china.com/product/BmdRbXzcLFph/China-Lightweight-Build-1600W-Motor-Cool-Shot-Function-Negative-Ion-Technology-Hair-Dryer.html,BmdRbXzcLFph,BmdRbXzcLFph,36.0,USD,,,,,,,"Chaozhou Chengying Technology Co., Ltd",https://cy-electronic.en.made-in-china.com,,,,,,,,,,2025-08-12T12:58:21.421025,
hair dryer,High Quality Household High Speed Constant Temperature AnionHairDryer,https://shanghaijinglang.en.made-in-china.com/product/otyUFxVuhDWp/China-High-Quality-Household-High-Speed-Constant-Temperature-Anion-Hair-Dryer.html,otyUFxVuhDWp,otyUFxVuhDWp,20.0,USD,,,,,,,"Jinglang Electric Appliances (Shanghai) Co., Ltd.",https://shanghaijinglang.en.made-in-china.com,,,,,,,,,,2025-08-12T12:58:21.431053,
hair dryer,Wholesale Adjustable Hot Cold Air Profession Hairdryer 2000W High Power Salon Negative Ionic Far Infrared TherapyHairDryer,https://huipuhairdryer.en.made-in-china.com/product/uakrzMOKAHWb/China-Wholesale-Adjustable-Hot-Cold-Air-Profession-Hairdryer-2000W-High-Power-Salon-Negative-Ionic-Far-Infrared-Therapy-Hair-Dryer.html,uakrzMOKAHWb,uakrzMOKAHWb,19.0,USD,,,,,,,"Wenzhou Huipu Electrical Appliance Co., Ltd.",https://huipuhairdryer.en.made-in-china.com,,,,,,,,,,2025-08-12T12:58:21.440378,
hair dryer,New-Style Fashionable 2023 Updated Diffuser 1800W Women Curly IonicHairDryer,https://goodseller-household.en.made-in-china.com/product/KEDpyGSLVxRA/China-New-Style-Fashionable-2023-Updated-Diffuser-1800W-Women-Curly-Ionic-Hair-Dryer.html,KEDpyGSLVxRA,KEDpyGSLVxRA,10.0,USD,,,,,,,"Good Seller Co., Ltd",https://goodseller-household.en.made-in-china.com,,,,,,,,,,2025-08-12T12:58:21.448890,
hair dryer,Custom OEM/ODM Cross-BorderHairDryerwith Brushless Motor - High-SpeedHairProtection Professional BlowDryer,https://muselect.en.made-in-china.com/product/LpARYUBosTWK/China-Custom-OEM-ODM-Cross-Border-Hair-Dryer-with-Brushless-Motor-High-Speed-Hair-Protection-Professional-Blow-Dryer.html,LpARYUBosTWK,LpARYUBosTWK,28.75,USD,,,,,,,Market Union Co. Ltd.,https://muselect.en.made-in-china.com,,,,,,,,,,2025-08-12T12:58:21.456896,
hair dryer,2025 Factory New Model Straightener Curler Hot Air Brush BlowDryerand 1300W High SpeedHairDryerBrush,https://baiyisen.en.made-in-china.com/product/QTEruWCyTnYR/China-2025-Factory-New-Model-Straightener-Curler-Hot-Air-Brush-Blow-Dryer-and-1300W-High-Speed-Hair-Dryer-Brush.html,QTEruWCyTnYR,QTEruWCyTnYR,30.0,USD,,,,,,,"Shenzhen Baiyisen Health Technology Co., Ltd.",https://baiyisen.en.made-in-china.com,,,,,,,,,,2025-08-12T12:58:21.469937,
hair dryer,Home Blue Negative IonHairSalon High PowerHairDryer,https://mktslkt-a.en.made-in-china.com/product/WtqpkscOwNVS/China-Home-Blue-Negative-Ion-Hair-Salon-High-Power-Hair-Dryer.html,WtqpkscOwNVS,WtqpkscOwNVS,4.0,USD,,,,,,,"Market Union Co., Ltd.",https://mktslkt-a.en.made-in-china.com,,,,,,,,,,2025-08-12T12:58:21.480448,
hair dryer,High-Speed SalonHairDryerwith Lonic Feature and Concentrator Nozzle,https://rongheglobal.en.made-in-china.com/product/BaQpYorxRGUZ/China-High-Speed-Salon-Hair-Dryer-with-Lonic-Feature-and-Concentrator-Nozzle.html,BaQpYorxRGUZ,BaQpYorxRGUZ,12.0,USD,,,,,,,"Zhejiang Ronghe Industrial Co., Ltd.",https://rongheglobal.en.made-in-china.com,,,,,,,,,,2025-08-12T12:58:21.488962,
hair dryer,China Factory Direct High Quality 2000W Powerful Quick Dry High SpeedHairDryerIonic Professional Hammer Electric BlowerDryer,https://huipuhairdryer.en.made-in-china.com/product/NGwrhTZdEzWJ/China-China-Factory-Direct-High-Quality-2000W-Powerful-Quick-Dry-High-Speed-Hair-Dryer-Ionic-Professional-Hammer-Electric-Blower-Dryer.html,NGwrhTZdEzWJ,NGwrhTZdEzWJ,8.6,USD,,,,,,,"Wenzhou Huipu Electrical Appliance Co., Ltd.",https://huipuhairdryer.en.made-in-china.com,,,,,,,,,,2025-08-12T12:58:21.498970,
hair dryer,ABS Plastic Professional 1600WHairDryerfor Hotel,https://alumihk.en.made-in-china.com/product/qXHnNdCuEfYi/China-ABS-Plastic-Professional-1600W-Hair-Dryer-for-Hotel.html,qXHnNdCuEfYi,qXHnNdCuEfYi,10.0,USD,,,,,,,"Alumi Industrial Co., Ltd.",https://alumihk.en.made-in-china.com,,,,,,,,,,2025-08-12T12:58:21.506063,
hair dryer,Electrical Appliance HouseholdHairDryerWall-MountedHairDryer,https://wzhuipu.en.made-in-china.com/product/nsgxALUPvzVF/China-Electrical-Appliance-Household-Hair-Dryer-Wall-Mounted-Hair-Dryer.html,nsgxALUPvzVF,nsgxALUPvzVF,10.0,USD,,,,,,,"Wenzhou Huipu Electrical Appliance Co., Ltd.",https://wzhuipu.en.made-in-china.com,,,,,,,,,,2025-08-12T12:58:21.513154,
hair dryer,U TipHairExtensions Real HumanHairDark Brown UtipHairExtensions HumanHairfor Women 20 Inch Brown Ktip HumanHairExtensions Pre Bonded Soft Straight 50g,https://rebeccahairfactory.en.made-in-china.com/product/SQupgWsAILUx/China-U-Tip-Hair-Extensions-Real-Human-Hair-Dark-Brown-Utip-Hair-Extensions-Human-Hair-for-Women-20-Inch-Brown-Ktip-Human-Hair-Extensions-Pre-Bonded-Soft-Straight-50g.html,SQupgWsAILUx,SQupgWsAILUx,78.8,USD,,,,,,,"Henan Rebecca Hair Products Co.,Ltd",https://rebeccahairfactory.en.made-in-china.com,,,,,,,,,,2025-08-12T12:58:24.299732,
hair dryer,Multiple Colors Silky Straight HumanHairTape inHairExtensions 18-22 InchHairExtensions Tape in Remy RealHair50 Gram Tape in Extensions,https://rebeccahairfactory.en.made-in-china.com/product/ldFfTEpGTPAx/China-Multiple-Colors-Silky-Straight-Human-Hair-Tape-in-Hair-Extensions-18-22-Inch-Hair-Extensions-Tape-in-Remy-Real-Hair-50-Gram-Tape-in-Extensions.html,ldFfTEpGTPAx,ldFfTEpGTPAx,37.0,USD,,,,,,,"Henan Rebecca Hair Products Co.,Ltd",https://rebeccahairfactory.en.made-in-china.com,,,,,,,,,,2025-08-12T12:58:24.309254,
hair dryer,22 Inch U TipHairExtensions Ombre U TipHairExtension HumanHairU TipHairExtension Brown U Tip HumanHairExtensions for Women,https://rebeccahairfactory.en.made-in-china.com/product/exLYgfyCsPpR/China-22-Inch-U-Tip-Hair-Extensions-Ombre-U-Tip-Hair-Extension-Human-Hair-U-Tip-Hair-Extension-Brown-U-Tip-Human-Hair-Extensions-for-Women.html,exLYgfyCsPpR,exLYgfyCsPpR,86.5,USD,,,,,,,"Henan Rebecca Hair Products Co.,Ltd",https://rebeccahairfactory.en.made-in-china.com,,,,,,,,,,2025-08-12T12:58:24.320400,
hair dryer,18 Inch U TipHairExtensions Medium Brown to Blonde U Tips HumanHairExtensions Highlight U TipHairExtensions HumanHairfor WomenHairExtensions,https://rebeccahairfactory.en.made-in-china.com/product/YENpBCFUZrRv/China-18-Inch-U-Tip-Hair-Extensions-Medium-Brown-to-Blonde-U-Tips-Human-Hair-Extensions-Highlight-U-Tip-Hair-Extensions-Human-Hair-for-Women-Hair-Extensions.html,YENpBCFUZrRv,YENpBCFUZrRv,49.9,USD,,,,,,,"Henan Rebecca Hair Products Co.,Ltd",https://rebeccahairfactory.en.made-in-china.com,,,,,,,,,,2025-08-12T12:58:24.330061,
hair dryer,Full Ends Seamless Clip inHairExtensions Luxy Clip in HumanHairExtensions Easy ClipsHair,https://shangkaihair.en.made-in-china.com/product/yjVQKfJHHehm/China-Full-Ends-Seamless-Clip-in-Hair-Extensions-Luxy-Clip-in-Human-Hair-Extensions-Easy-Clips-Hair.html,yjVQKfJHHehm,yjVQKfJHHehm,28.0,USD,,,,,,,Juancheng Shangkai Hair Products,https://shangkaihair.en.made-in-china.com,,,,,,,,,,2025-08-12T12:58:24.340250,
hair dryer,AC 3000rpm Gear Electric Motor for Hood Oven/Pump/Dry-Type Transformer/Forced Airflow Systems/Lubricant Pump,https://greatup.en.made-in-china.com/product/vXznRdoxYLVE/China-AC-3000rpm-Gear-Electric-Motor-for-Hood-Oven-Pump-Dry-Type-Transformer-Forced-Airflow-Systems-Lubricant-Pump.html,vXznRdoxYLVE,vXznRdoxYLVE,1.8,USD,,,,,,,RITSCHER INTERNATIONAL LIMITED,https://greatup.en.made-in-china.com,,,,,,,,,,2025-08-12T12:58:24.349756,
hair dryer,Wholesale Price Blonde Double Weft Brazilian HumanHairSeamless Clip inHairExtension,https://shangkaihair.en.made-in-china.com/product/KyhEJCGvEMkV/China-Wholesale-Price-Blonde-Double-Weft-Brazilian-Human-Hair-Seamless-Clip-in-Hair-Extension.html,KyhEJCGvEMkV,KyhEJCGvEMkV,28.0,USD,,,,,,,Juancheng Shangkai Hair Products,https://shangkaihair.en.made-in-china.com,,,,,,,,,,2025-08-12T12:58:24.362287,
hair dryer,Long Life AC Electric Single-Phase Motor for Vacuum Fan Motor,https://greatup.en.made-in-china.com/product/hBaQLVConFcA/China-Long-Life-AC-Electric-Single-Phase-Motor-for-Vacuum-Fan-Motor.html,hBaQLVConFcA,hBaQLVConFcA,2.5,USD,,,,,,,RITSCHER INTERNATIONAL LIMITED,https://greatup.en.made-in-china.com,,,,,,,,,,2025-08-12T12:58:24.369287,
hair dryer,Factory Price Thickness End Luxy Seamless Remy Clip inHairExtension,https://shangkaihair.en.made-in-china.com/product/aCkxvAnGIocQ/China-Factory-Price-Thickness-End-Luxy-Seamless-Remy-Clip-in-Hair-Extension.html,aCkxvAnGIocQ,aCkxvAnGIocQ,28.0,USD,,,,,,,Juancheng Shangkai Hair Products,https://shangkaihair.en.made-in-china.com,,,,,,,,,,2025-08-12T12:58:24.380300,
hair dryer,AC Fan Electrical/Electric Shaded Pole Motor for Refrigerator/Range Hood/Air Purifier Motor,https://greatup.en.made-in-china.com/product/kyAQbHSuZKVz/China-AC-Fan-Electrical-Electric-Shaded-Pole-Motor-for-Refrigerator-Range-Hood-Air-Purifier-Motor.html,kyAQbHSuZKVz,kyAQbHSuZKVz,2.2,USD,,,,,,,RITSCHER INTERNATIONAL LIMITED,https://greatup.en.made-in-china.com,,,,,,,,,,2025-08-12T12:58:24.390810,
hair dryer,"22"" Blonde Colours Tape in StraightHairExtensions Remy HumanHairExtensions Natural Seamless Skin Wef Invisible Tape inHairExtensions",https://rebeccahairfactory.en.made-in-china.com/product/GZwaIRcdZgAW/China-22-Blonde-Colours-Tape-in-Straight-Hair-Extensions-Remy-Human-Hair-Extensions-Natural-Seamless-Skin-Wef-Invisible-Tape-in-Hair-Extensions.html,GZwaIRcdZgAW,GZwaIRcdZgAW,49.5,USD,,,,,,,"Henan Rebecca Hair Products Co.,Ltd",https://rebeccahairfactory.en.made-in-china.com,,,,,,,,,,2025-08-12T12:58:24.402919,
hair dryer,HumanHairWire Extensions with 4 Secure Clips 100g 22 Inch Straight Extensions Natural WireHairExtensions with Transparent Fish Line Invisible Extension,https://rebeccahairfactory.en.made-in-china.com/product/QnjrNzoVvUpT/China-Human-Hair-Wire-Extensions-with-4-Secure-Clips-100g-22-Inch-Straight-Extensions-Natural-Wire-Hair-Extensions-with-Transparent-Fish-Line-Invisible-Extension.html,QnjrNzoVvUpT,QnjrNzoVvUpT,73.3,USD,,,,,,,"Henan Rebecca Hair Products Co.,Ltd",https://rebeccahairfactory.en.made-in-china.com,,,,,,,,,,2025-08-12T12:58:24.414023,
hair dryer,"Brazilian HumanHairSeamless Clip inHairExtension for White Woman, AfroHairExtension Clip in Remy",https://shangkaihair.en.made-in-china.com/product/jsVmKDxTbbWU/China-Brazilian-Human-Hair-Seamless-Clip-in-Hair-Extension-for-White-Woman-Afro-Hair-Extension-Clip-in-Remy.html,jsVmKDxTbbWU,jsVmKDxTbbWU,28.0,USD,,,,,,,Juancheng Shangkai Hair Products,https://shangkaihair.en.made-in-china.com,,,,,,,,,,2025-08-12T12:58:24.427057,
hair dryer,AC Electrical Manufacturers Evaporator Fan Electric Motor for Rotisserie,https://greatup.en.made-in-china.com/product/AsaEzywuAXke/China-AC-Electrical-Manufacturers-Evaporator-Fan-Electric-Motor-for-Rotisserie.html,AsaEzywuAXke,AsaEzywuAXke,1.2,USD,,,,,,,RITSCHER INTERNATIONAL LIMITED,https://greatup.en.made-in-china.com,,,,,,,,,,2025-08-12T12:58:24.436572,
hair dryer,New Arrival Hot Selling Double Drawn PU Seamless Clips inHairExtension,https://shangkaihair.en.made-in-china.com/product/GNcxCVnEsokm/China-New-Arrival-Hot-Selling-Double-Drawn-PU-Seamless-Clips-in-Hair-Extension.html,GNcxCVnEsokm,GNcxCVnEsokm,28.0,USD,,,,,,,Juancheng Shangkai Hair Products,https://shangkaihair.en.made-in-china.com,,,,,,,,,,2025-08-12T12:58:24.447084,
hair dryer,Ce Certification 24V 10000rpm 100W 200W PMDC Motor with Silicon Wire,https://greatup.en.made-in-china.com/product/xvanFoLOfZWH/China-Ce-Certification-24V-10000rpm-100W-200W-PMDC-Motor-with-Silicon-Wire.html,xvanFoLOfZWH,xvanFoLOfZWH,3.05,USD,,,,,,,RITSCHER INTERNATIONAL LIMITED,https://greatup.en.made-in-china.com,,,,,,,,,,2025-08-12T12:58:24.454606,
hair dryer,"20"" U TipHairExtensions HumanHairU Tip Multiple Colours Choose NaturalHairExtensions HumanHairTipHairExtensions for Women",https://rebeccahairfactory.en.made-in-china.com/product/VnzRwMZTbrUX/China-20-U-Tip-Hair-Extensions-Human-Hair-U-Tip-Multiple-Colours-Choose-Natural-Hair-Extensions-Human-Hair-Tip-Hair-Extensions-for-Women.html,VnzRwMZTbrUX,VnzRwMZTbrUX,65.1,USD,,,,,,,"Henan Rebecca Hair Products Co.,Ltd",https://rebeccahairfactory.en.made-in-china.com,,,,,,,,,,2025-08-12T12:58:24.464125,
hair dryer,Virgin BrazilianHairSeamless Human RemyHairClip in Extensions,https://shangkaihair.en.made-in-china.com/product/qycJSOmCGbVF/China-Virgin-Brazilian-Hair-Seamless-Human-Remy-Hair-Clip-in-Extensions.html,qycJSOmCGbVF,qycJSOmCGbVF,58.0,USD,,,,,,,Juancheng Shangkai Hair Products,https://shangkaihair.en.made-in-china.com,,,,,,,,,,2025-08-12T12:58:24.473170,
hair dryer,AC Electrical/Electric Shaded Pole Motor for High Temperature Sterilizing Cabinet/Warm Air Blower,https://greatup.en.made-in-china.com/product/LvbEXZlcyNWq/China-AC-Electrical-Electric-Shaded-Pole-Motor-for-High-Temperature-Sterilizing-Cabinet-Warm-Air-Blower.html,LvbEXZlcyNWq,LvbEXZlcyNWq,2.8,USD,,,,,,,RITSCHER INTERNATIONAL LIMITED,https://greatup.en.made-in-china.com,,,,,,,,,,2025-08-12T12:58:24.483212,
hair dryer,Full Head Indian Remy HumanHairSeamless Clip inHairExtensions,https://shangkaihair.en.made-in-china.com/product/ljWEePQYgoki/China-Full-Head-Indian-Remy-Human-Hair-Seamless-Clip-in-Hair-Extensions.html,ljWEePQYgoki,ljWEePQYgoki,48.0,USD,,,,,,,Juancheng Shangkai Hair Products,https://shangkaihair.en.made-in-china.com,,,,,,,,,,2025-08-12T12:58:24.491734,
hair dryer,Electric/Electrical Yj72 AC High Quality Shaded Pole Motor for Exhaust Fan Motor,https://greatup.en.made-in-china.com/product/NBqJMSlYLsWR/China-Electric-Electrical-Yj72-AC-High-Quality-Shaded-Pole-Motor-for-Exhaust-Fan-Motor.html,NBqJMSlYLsWR,NBqJMSlYLsWR,3.2,USD,,,,,,,RITSCHER INTERNATIONAL LIMITED,https://greatup.en.made-in-china.com,,,,,,,,,,2025-08-12T12:58:24.500249,
hair dryer,3 Secure Clips 18 Inch Invisible Wire Real HumanHairExtensions Transparent Wire Adjustable Size Multiple Colours Long Straight Secret Extension for Women,https://rebeccahairfactory.en.made-in-china.com/product/aQIpyexdVRrG/China-3-Secure-Clips-18-Inch-Invisible-Wire-Real-Human-Hair-Extensions-Transparent-Wire-Adjustable-Size-Multiple-Colours-Long-Straight-Secret-Extension-for-Women.html,aQIpyexdVRrG,aQIpyexdVRrG,44.1,USD,,,,,,,"Henan Rebecca Hair Products Co.,Ltd",https://rebeccahairfactory.en.made-in-china.com,,,,,,,,,,2025-08-12T12:58:24.511545,
hair dryer,Wholesale Blonde Ombre Color Balayage Color Russian Seamless Clip inHairExtension,https://shangkaihair.en.made-in-china.com/product/ACVnsvJxXocS/China-Wholesale-Blonde-Ombre-Color-Balayage-Color-Russian-Seamless-Clip-in-Hair-Extension.html,ACVnsvJxXocS,ACVnsvJxXocS,28.0,USD,,,,,,,Juancheng Shangkai Hair Products,https://shangkaihair.en.made-in-china.com,,,,,,,,,,2025-08-12T12:58:24.533102,
hair dryer,Wholesale 100% Real Natural Virgin Best Seamless 100% Brazilian Remy Clip inHairExtension,https://shangkaihair.en.made-in-china.com/product/FycnSLxTCbWH/China-Wholesale-100-Real-Natural-Virgin-Best-Seamless-100-Brazilian-Remy-Clip-in-Hair-Extension.html,FycnSLxTCbWH,FycnSLxTCbWH,28.0,USD,,,,,,,Juancheng Shangkai Hair Products,https://shangkaihair.en.made-in-china.com,,,,,,,,,,2025-08-12T12:58:24.552142,
hair dryer,High Quality PU Weft Seamless Clip on HumanHairExtension Russian RemyHair,https://shangkaihair.en.made-in-china.com/product/usWxeNJOkokS/China-High-Quality-PU-Weft-Seamless-Clip-on-Human-Hair-Extension-Russian-Remy-Hair.html,usWxeNJOkokS,usWxeNJOkokS,28.0,USD,,,,,,,Juancheng Shangkai Hair Products,https://shangkaihair.en.made-in-china.com,,,,,,,,,,2025-08-12T12:58:24.572184,
hair dryer,50g/18 Inch U TipHairExtensions HumanHairMultiple ColoursHairExtensions Utip HumanHairExtensions U Tip HumanHairExtensions for Women Daily Use,https://rebeccahairfactory.en.made-in-china.com/product/UnurZJdTvRYB/China-50g-18-Inch-U-Tip-Hair-Extensions-Human-Hair-Multiple-Colours-Hair-Extensions-Utip-Human-Hair-Extensions-U-Tip-Human-Hair-Extensions-for-Women-Daily-Use.html,UnurZJdTvRYB,UnurZJdTvRYB,43.6,USD,,,,,,,"Henan Rebecca Hair Products Co.,Ltd",https://rebeccahairfactory.en.made-in-china.com,,,,,,,,,,2025-08-12T12:58:24.588241,
hair dryer,"18"" Tape in HumanHairExtension Mutilple Colours Skin Weft 100% Human RemyHairAdhesive Natural Tape inHairExtensions for Women",https://rebeccahairfactory.en.made-in-china.com/product/SFYaZVfcZlTW/China-18-Tape-in-Human-Hair-Extension-Mutilple-Colours-Skin-Weft-100-Human-Remy-Hair-Adhesive-Natural-Tape-in-Hair-Extensions-for-Women.html,SFYaZVfcZlTW,SFYaZVfcZlTW,33.6,USD,,,,,,,"Henan Rebecca Hair Products Co.,Ltd",https://rebeccahairfactory.en.made-in-china.com,,,,,,,,,,2025-08-12T12:58:24.605858,
hair dryer,Russian Cuticle RemyHairPU Seamless Clip in VirginHairExtensions,https://shangkaihair.en.made-in-china.com/product/XjWJMPnrZokv/China-Russian-Cuticle-Remy-Hair-PU-Seamless-Clip-in-Virgin-Hair-Extensions.html,XjWJMPnrZokv,XjWJMPnrZokv,28.0,USD,,,,,,,Juancheng Shangkai Hair Products,https://shangkaihair.en.made-in-china.com,,,,,,,,,,2025-08-12T12:58:24.617061,
hair dryer,Top Quality Hot Selling Unprocessed 100% Human Virgin Remy Silk Straight Indian Seamless Clip inHairExtensions,https://shangkaihair.en.made-in-china.com/product/INWmvsQOkMkh/China-Top-Quality-Hot-Selling-Unprocessed-100-Human-Virgin-Remy-Silk-Straight-Indian-Seamless-Clip-in-Hair-Extensions.html,INWmvsQOkMkh,INWmvsQOkMkh,28.0,USD,,,,,,,Juancheng Shangkai Hair Products,https://shangkaihair.en.made-in-china.com,,,,,,,,,,2025-08-12T12:58:24.629153,
hair dryer,Seamless Clip inHairExtension Russian VirginHairClip HumanHairExtensions,https://shangkaihair.en.made-in-china.com/product/gshxqbEYnokZ/China-Seamless-Clip-in-Hair-Extension-Russian-Virgin-Hair-Clip-Human-Hair-Extensions.html,gshxqbEYnokZ,gshxqbEYnokZ,58.0,USD,,,,,,,Juancheng Shangkai Hair Products,https://shangkaihair.en.made-in-china.com,,,,,,,,,,2025-08-12T12:58:24.644674,
hair dryer,Italian Pasta Production Line Industrial Pasta Making Machine,https://sunward.en.made-in-china.com/product/gXMxPebuYkpT/China-Italian-Pasta-Production-Line-Industrial-Pasta-Making-Machine.html,gXMxPebuYkpT,gXMxPebuYkpT,35000.0,USD,,,,,,,"Jinan Sunward Machinery Co., Ltd.",https://sunward.en.made-in-china.com,,,,,,,,,,2025-08-12T12:58:27.221235,
hair dryer,New Design Industrial Extruder Italy Pasta Macaroni Making Machine 100 Kg/H,https://sunward.en.made-in-china.com/product/rNTJfLVvCshj/China-New-Design-Industrial-Extruder-Italy-Pasta-Macaroni-Making-Machine-100-Kg-H.html,rNTJfLVvCshj,rNTJfLVvCshj,35000.0,USD,,,,,,,"Jinan Sunward Machinery Co., Ltd.",https://sunward.en.made-in-china.com,,,,,,,,,,2025-08-12T12:58:27.232256,
hair dryer,"High Quality Macaroni Machine, Pasta Making Machine, Macaroni Production Line Large Scale Commercial Pasta Extruder Machine Production Line",https://sunward.en.made-in-china.com/product/NCtxGcVKAyhL/China-High-Quality-Macaroni-Machine-Pasta-Making-Machine-Macaroni-Production-Line-Large-Scale-Commercial-Pasta-Extruder-Machine-Production-Line.html,NCtxGcVKAyhL,NCtxGcVKAyhL,32000.0,USD,,,,,,,"Jinan Sunward Machinery Co., Ltd.",https://sunward.en.made-in-china.com,,,,,,,,,,2025-08-12T12:58:27.244772,
hair dryer,Industrial Macaroni Pasta Slanty Snack Pellet Chips Making Machine Production Line Big Capacity Macaroni Making Machine with Factory Quality,https://sunward.en.made-in-china.com/product/dOZAbKeucqpF/China-Industrial-Macaroni-Pasta-Slanty-Snack-Pellet-Chips-Making-Machine-Production-Line-Big-Capacity-Macaroni-Making-Machine-with-Factory-Quality.html,dOZAbKeucqpF,dOZAbKeucqpF,35000.0,USD,,,,,,,"Jinan Sunward Machinery Co., Ltd.",https://sunward.en.made-in-china.com,,,,,,,,,,2025-08-12T12:58:27.258797,
hair dryer,Italian Pasta Making Machine Macaroni Making Machine,https://sunward.en.made-in-china.com/product/usaQAKkdLjhC/China-Italian-Pasta-Making-Machine-Macaroni-Making-Machine.html,usaQAKkdLjhC,usaQAKkdLjhC,35000.0,USD,,,,,,,"Jinan Sunward Machinery Co., Ltd.",https://sunward.en.made-in-china.com,,,,,,,,,,2025-08-12T12:58:27.274334,
hair dryer,Easy Operate Pasta Macaroni Food Making Machinery,https://sunward.en.made-in-china.com/product/IsAnTRhVbCWK/China-Easy-Operate-Pasta-Macaroni-Food-Making-Machinery.html,IsAnTRhVbCWK,IsAnTRhVbCWK,35000.0,USD,,,,,,,"Jinan Sunward Machinery Co., Ltd.",https://sunward.en.made-in-china.com,,,,,,,,,,2025-08-12T12:58:27.292376,
hair dryer,Automatic Pasta Macaroni Machine Making Line Screw Fried Snack Pellets Food Machinery / Snack Pellet Processing Line / Pasta Macaroni Making Machine,https://sunward.en.made-in-china.com/product/uKqJgUeYqVrQ/China-Automatic-Pasta-Macaroni-Machine-Making-Line-Screw-Fried-Snack-Pellets-Food-Machinery-Snack-Pellet-Processing-Line-Pasta-Macaroni-Making-Machine.html,uKqJgUeYqVrQ,uKqJgUeYqVrQ,35000.0,USD,,,,,,,"Jinan Sunward Machinery Co., Ltd.",https://sunward.en.made-in-china.com,,,,,,,,,,2025-08-12T12:58:27.342549,
hair dryer,Styling Chairs SalonHairSalon Furniture Barber,https://honglibeauty.en.made-in-china.com/product/MdRaFlpAhzkL/China-Styling-Chairs-Salon-Hair-Salon-Furniture-Barber.html,MdRaFlpAhzkL,MdRaFlpAhzkL,258.0,USD,,,,,,,"Wenling Hongli Barber & Beauty Co., Ltd.",,,,,,,,,,,2025-08-12T12:58:27.356074,
hair dryer,PortableHairWashing Sink and Chair Discount Barber Chairs,https://honglibeauty.en.made-in-china.com/product/GdaATkcOsfWm/China-Portable-Hair-Washing-Sink-and-Chair-Discount-Barber-Chairs.html,GdaATkcOsfWm,GdaATkcOsfWm,264.0,USD,,,,,,,"Wenling Hongli Barber & Beauty Co., Ltd.",,,,,,,,,,,2025-08-12T12:58:27.372123,
hair dryer,Beauty Parlour Furniture Price Low Makeup Salon Furniture,https://honglibeauty.en.made-in-china.com/product/VZAfGcKDgtWi/China-Beauty-Parlour-Furniture-Price-Low-Makeup-Salon-Furniture.html,VZAfGcKDgtWi,VZAfGcKDgtWi,293.0,USD,,,,,,,"Wenling Hongli Barber & Beauty Co., Ltd.",,,,,,,,,,,2025-08-12T12:58:27.389156,
hair dryer,Used Salon Styling Chairs for Sale Vintage Hairdressing Chair,https://honglibeauty.en.made-in-china.com/product/lFgTsocvMfWd/China-Used-Salon-Styling-Chairs-for-Sale-Vintage-Hairdressing-Chair.html,lFgTsocvMfWd,lFgTsocvMfWd,258.0,USD,,,,,,,"Wenling Hongli Barber & Beauty Co., Ltd.",,,,,,,,,,,2025-08-12T12:58:27.405697,
hair dryer,Reclining Salon Shampoo Chair Salon Classic Barber Chair,https://honglibeauty.en.made-in-china.com/product/EFpGRDHMOahV/China-Reclining-Salon-Shampoo-Chair-Salon-Classic-Barber-Chair.html,EFpGRDHMOahV,EFpGRDHMOahV,258.0,USD,,,,,,,"Wenling Hongli Barber & Beauty Co., Ltd.",,,,,,,,,,,2025-08-12T12:58:27.414215,
hair dryer,Wholesale Indian HumanHairHighlightP4/27 Body Wave 13X4 Lace Front Wigs,https://elegant-hair.en.made-in-china.com/product/znOUsxcAhdYe/China-Wholesale-Indian-Human-Hair-Highlight-P4-27-Body-Wave-13X4-Lace-Front-Wigs.html,znOUsxcAhdYe,znOUsxcAhdYe,56.5,USD,,,,,,,"Xuchang Elegant Hair Products Co., Ltd.",https://elegant-hair.en.made-in-china.com,,,,,,,,,,2025-08-12T12:58:30.125589,
hair dryer,P4/27 Highlight Ombre Straight HumanHair13X4 13X6 Transparent Lace Front Wig,https://eleganthair.en.made-in-china.com/product/cKvEWmoTOxrq/China-P4-27-Highlight-Ombre-Straight-Human-Hair-13X4-13X6-Transparent-Lace-Front-Wig.html,cKvEWmoTOxrq,cKvEWmoTOxrq,45.6,USD,,,,,,,"Changge Elegant Hair Products Co., Ltd.",https://eleganthair.en.made-in-china.com,,,,,,,,,,2025-08-12T12:58:30.143138,
hair dryer,"(T4/27/P4) 18 Inch 7PCS 16 Clips Real HumanHair, 100% HumanHair, 120g Natural Soft Straight Double Weft Clip in Extensions for Women",https://rebeccahairfactory.en.made-in-china.com/product/vwofukcdllAb/China-T4-27-P4-18-Inch-7PCS-16-Clips-Real-Human-Hair-100-Human-Hair-120g-Natural-Soft-Straight-Double-Weft-Clip-in-Extensions-for-Women.html,vwofukcdllAb,vwofukcdllAb,66.0,USD,,,,,,,"Henan Rebecca Hair Products Co.,Ltd",https://rebeccahairfactory.en.made-in-china.com,,,,,,,,,,2025-08-12T12:58:30.164189,
hair dryer,Wholesale VietnameseHairBody Wave HighlightP4/27 Transparent Lace Front Wig,https://elegant-hair.en.made-in-china.com/product/gmdYlUechFRP/China-Wholesale-Vietnamese-Hair-Body-Wave-Highlight-P4-27-Transparent-Lace-Front-Wig.html,gmdYlUechFRP,gmdYlUechFRP,56.5,USD,,,,,,,"Xuchang Elegant Hair Products Co., Ltd.",https://elegant-hair.en.made-in-china.com,,,,,,,,,,2025-08-12T12:58:30.181835,
hair dryer,Brazilian HumanHairHighlightP4/27 Bone Straight Swiss Lace Frontal Wigs,https://elegant-hair.en.made-in-china.com/product/QJFUdDkuEZYO/China-Brazilian-Human-Hair-Highlight-P4-27-Bone-Straight-Swiss-Lace-Frontal-Wigs.html,QJFUdDkuEZYO,QJFUdDkuEZYO,48.3,USD,,,,,,,"Xuchang Elegant Hair Products Co., Ltd.",https://elegant-hair.en.made-in-china.com,,,,,,,,,,2025-08-12T12:58:30.199872,
hair dryer,Wholesale VietnameseHairBody Wave Highlight BrownP4/27 Transparent Lace Front Wig,https://elegant-hair.en.made-in-china.com/product/BnNRhpqECwrK/China-Wholesale-Vietnamese-Hair-Body-Wave-Highlight-Brown-P4-27-Transparent-Lace-Front-Wig.html,BnNRhpqECwrK,BnNRhpqECwrK,56.0,USD,,,,,,,"Xuchang Elegant Hair Products Co., Ltd.",https://elegant-hair.en.made-in-china.com,,,,,,,,,,2025-08-12T12:58:30.213391,
hair dryer,"(T4/27/P4) 20 Inch 7PCS 120g 16 Clips inHairExtensions, Chocolate Brown to Caramel Blonde RemyHairExtensions Clip inHairExtensions HumanHair",https://rebeccahairfactory.en.made-in-china.com/product/ZOoGwfMDrHtl/China-T4-27-P4-20-Inch-7PCS-120g-16-Clips-in-Hair-Extensions-Chocolate-Brown-to-Caramel-Blonde-Remy-Hair-Extensions-Clip-in-Hair-Extensions-Human-Hair.html,ZOoGwfMDrHtl,ZOoGwfMDrHtl,84.7,USD,,,,,,,"Henan Rebecca Hair Products Co.,Ltd",https://rebeccahairfactory.en.made-in-china.com,,,,,,,,,,2025-08-12T12:58:30.224914,
hair dryer,Wholesale Vietnamese HumanHairHighlightP4/27 Deep Wave 13X4 Lace Front Wig,https://elegant-hair.en.made-in-china.com/product/QnyrRbgUgZpd/China-Wholesale-Vietnamese-Human-Hair-Highlight-P4-27-Deep-Wave-13X4-Lace-Front-Wig.html,QnyrRbgUgZpd,QnyrRbgUgZpd,56.0,USD,,,,,,,"Xuchang Elegant Hair Products Co., Ltd.",https://elegant-hair.en.made-in-china.com,,,,,,,,,,2025-08-12T12:58:30.237275,
hair dryer,Wholesale Vietnamese HumanHairHighlightP4/27 Body Wave 13X4 Lace Front Wig,https://elegant-hair.en.made-in-china.com/product/CEjrpRMPbZYI/China-Wholesale-Vietnamese-Human-Hair-Highlight-P4-27-Body-Wave-13X4-Lace-Front-Wig.html,CEjrpRMPbZYI,CEjrpRMPbZYI,56.0,USD,,,,,,,"Xuchang Elegant Hair Products Co., Ltd.",https://elegant-hair.en.made-in-china.com,,,,,,,,,,2025-08-12T12:58:30.248801,
hair dryer,Body Wave 100% HumanHair4/27 Cuticle Aligned Virgin Lace Frontal Wig,https://eleganthair.en.made-in-china.com/product/PKYJAbxymQUt/China-Body-Wave-100-Human-Hair-4-27-Cuticle-Aligned-Virgin-Lace-Frontal-Wig.html,PKYJAbxymQUt,PKYJAbxymQUt,39.0,USD,,,,,,,"Changge Elegant Hair Products Co., Ltd.",https://eleganthair.en.made-in-china.com,,,,,,,,,,2025-08-12T12:58:30.261837,
hair dryer,Factory Price Brazilian Remy HumanHairP4/27 Highlight Transparent Lace Front Wig,https://elegant-hair.en.made-in-china.com/product/BtJUGXlvTnRE/China-Factory-Price-Brazilian-Remy-Human-Hair-P4-27-Highlight-Transparent-Lace-Front-Wig.html,BtJUGXlvTnRE,BtJUGXlvTnRE,40.0,USD,,,,,,,"Xuchang Elegant Hair Products Co., Ltd.",https://elegant-hair.en.made-in-china.com,,,,,,,,,,2025-08-12T12:58:30.271350,
hair dryer,WholesalesP4/27 Bone Straight HumanHair13*6 HD Transparent Lace Front Wig,https://elegant-hair.en.made-in-china.com/product/nJyRfeDbhOpX/China-Wholesales-P4-27-Bone-Straight-Human-Hair-13-6-HD-Transparent-Lace-Front-Wig.html,nJyRfeDbhOpX,nJyRfeDbhOpX,54.3,USD,,,,,,,"Xuchang Elegant Hair Products Co., Ltd.",https://elegant-hair.en.made-in-china.com,,,,,,,,,,2025-08-12T12:58:30.283383,
hair dryer,150% Density Mixed Colors Straight HighlightP4/27 Lace Front HumanHairWig,https://elegant-hair.en.made-in-china.com/product/HatUMKXTIEYz/China-150-Density-Mixed-Colors-Straight-Highlight-P4-27-Lace-Front-Human-Hair-Wig.html,HatUMKXTIEYz,HatUMKXTIEYz,63.0,USD,,,,,,,"Xuchang Elegant Hair Products Co., Ltd.",https://elegant-hair.en.made-in-china.com,,,,,,,,,,2025-08-12T12:58:30.292901,
hair dryer,Brazilian HumanHairHighlightP4/27 Deep Wave Curly Swiss Lace Frontal Wigs,https://elegant-hair.en.made-in-china.com/product/sxyRrqzTbdUW/China-Brazilian-Human-Hair-Highlight-P4-27-Deep-Wave-Curly-Swiss-Lace-Frontal-Wigs.html,sxyRrqzTbdUW,sxyRrqzTbdUW,49.0,USD,,,,,,,"Xuchang Elegant Hair Products Co., Ltd.",https://elegant-hair.en.made-in-china.com,,,,,,,,,,2025-08-12T12:58:30.302930,
hair dryer,"T4/27/P4, 22"" 120g, 7PCS 16 Clips HumanHairClip inHairExtensions, Caramel Blonde Clips inHairExtensions Remy HumanHairExtensions for Women",https://rebeccahairfactory.en.made-in-china.com/product/CwUAvlOdyHfM/China-T4-27-P4-22-120g-7PCS-16-Clips-Human-Hair-Clip-in-Hair-Extensions-Caramel-Blonde-Clips-in-Hair-Extensions-Remy-Human-Hair-Extensions-for-Women.html,CwUAvlOdyHfM,CwUAvlOdyHfM,99.6,USD,,,,,,,"Henan Rebecca Hair Products Co.,Ltd",https://rebeccahairfactory.en.made-in-china.com,,,,,,,,,,2025-08-12T12:58:30.316137,
hair dryer,Wholesale Vietnamese HumanHairHighlightP4/27 Bone Straight 13X4 Lace Front Wig,https://elegant-hair.en.made-in-china.com/product/mQOYxDeCJwRE/China-Wholesale-Vietnamese-Human-Hair-Highlight-P4-27-Bone-Straight-13X4-Lace-Front-Wig.html,mQOYxDeCJwRE,mQOYxDeCJwRE,49.5,USD,,,,,,,"Xuchang Elegant Hair Products Co., Ltd.",https://elegant-hair.en.made-in-china.com,,,,,,,,,,2025-08-12T12:58:30.325442,
hair dryer,Brazilian HumanHairHighlightP4/27 Body Wave Curly Swiss Lace Frontal Wigs,https://elegant-hair.en.made-in-china.com/product/ImCRfySvLdpK/China-Brazilian-Human-Hair-Highlight-P4-27-Body-Wave-Curly-Swiss-Lace-Frontal-Wigs.html,ImCRfySvLdpK,ImCRfySvLdpK,52.35,USD,,,,,,,"Xuchang Elegant Hair Products Co., Ltd.",https://elegant-hair.en.made-in-china.com,,,,,,,,,,2025-08-12T12:58:30.335564,
hair dryer,U TipHairExtensions Real HumanHairDark Brown UtipHairExtensions HumanHairfor Women 20 Inch Brown Ktip HumanHairExtensions Pre Bonded Soft Straight 50g,https://rebeccahairfactory.en.made-in-china.com/product/SQupgWsAILUx/China-U-Tip-Hair-Extensions-Real-Human-Hair-Dark-Brown-Utip-Hair-Extensions-Human-Hair-for-Women-20-Inch-Brown-Ktip-Human-Hair-Extensions-Pre-Bonded-Soft-Straight-50g.html,SQupgWsAILUx,SQupgWsAILUx,78.8,USD,,,,,,,"Henan Rebecca Hair Products Co.,Ltd",https://rebeccahairfactory.en.made-in-china.com,,,,,,,,,,2025-08-12T12:58:30.346524,
hair dryer,Wholesale VietnameseHairNatural Straight Highlight BrownP4/27 Transparent Lace Front Wig,https://elegant-hair.en.made-in-china.com/product/xJFRTCkEYdpo/China-Wholesale-Vietnamese-Hair-Natural-Straight-Highlight-Brown-P4-27-Transparent-Lace-Front-Wig.html,xJFRTCkEYdpo,xJFRTCkEYdpo,36.0,USD,,,,,,,"Xuchang Elegant Hair Products Co., Ltd.",https://elegant-hair.en.made-in-china.com,,,,,,,,,,2025-08-12T12:58:30.357038,
hair dryer,Blonde Highlight Mix Color Deep Wave Curly HD Transparent Lace Front Wigs,https://elegant-hair.en.made-in-china.com/product/laTpBXqcOQYD/China-Blonde-Highlight-Mix-Color-Deep-Wave-Curly-HD-Transparent-Lace-Front-Wigs.html,laTpBXqcOQYD,laTpBXqcOQYD,51.2,USD,,,,,,,"Xuchang Elegant Hair Products Co., Ltd.",https://elegant-hair.en.made-in-china.com,,,,,,,,,,2025-08-12T12:58:30.365554,
hair dryer,Wholesale 30inch Deep Wave HumanHairHighlight Ombre Curly Lace Frontal Wigs,https://elegant-hair.en.made-in-china.com/product/xtaRuBojIEUI/China-Wholesale-30inch-Deep-Wave-Human-Hair-Highlight-Ombre-Curly-Lace-Frontal-Wigs.html,xtaRuBojIEUI,xtaRuBojIEUI,146.5,USD,,,,,,,"Xuchang Elegant Hair Products Co., Ltd.",https://elegant-hair.en.made-in-china.com,,,,,,,,,,2025-08-12T12:58:30.374418,
hair dryer,Wholesale 150% Density Pre-PluckedP4/27 Highlight Straight 13X4 Swiss Lace Front Wigs,https://elegant-hair.en.made-in-china.com/product/wnNUSqgcSOry/China-Wholesale-150-Density-Pre-Plucked-P4-27-Highlight-Straight-13X4-Swiss-Lace-Front-Wigs.html,wnNUSqgcSOry,wnNUSqgcSOry,56.0,USD,,,,,,,"Xuchang Elegant Hair Products Co., Ltd.",https://elegant-hair.en.made-in-china.com,,,,,,,,,,2025-08-12T12:58:30.384095,
hair dryer,Highlight Seamless Top Quality Russian Cuticle Tape in HumanHairExtensions,https://eleganthair.en.made-in-china.com/product/kSHJRovdZYcU/China-Highlight-Seamless-Top-Quality-Russian-Cuticle-Tape-in-Human-Hair-Extensions.html,kSHJRovdZYcU,kSHJRovdZYcU,24.0,USD,,,,,,,"Changge Elegant Hair Products Co., Ltd.",https://eleganthair.en.made-in-china.com,,,,,,,,,,2025-08-12T12:58:30.394067,
hair dryer,Wholesale Price Deep Wave Highlight 4/27 Glueless Lace Front HumanHairWigs,https://elegant-hair.en.made-in-china.com/product/xmNpgIREmwUn/China-Wholesale-Price-Deep-Wave-Highlight-4-27-Glueless-Lace-Front-Human-Hair-Wigs.html,xmNpgIREmwUn,xmNpgIREmwUn,52.0,USD,,,,,,,"Xuchang Elegant Hair Products Co., Ltd.",https://elegant-hair.en.made-in-china.com,,,,,,,,,,2025-08-12T12:58:30.403089,
hair dryer,Multiple Colors Silky Straight HumanHairTape inHairExtensions 18-22 InchHairExtensions Tape in Remy RealHair50 Gram Tape in Extensions,https://rebeccahairfactory.en.made-in-china.com/product/ldFfTEpGTPAx/China-Multiple-Colors-Silky-Straight-Human-Hair-Tape-in-Hair-Extensions-18-22-Inch-Hair-Extensions-Tape-in-Remy-Real-Hair-50-Gram-Tape-in-Extensions.html,ldFfTEpGTPAx,ldFfTEpGTPAx,37.0,USD,,,,,,,"Henan Rebecca Hair Products Co.,Ltd",https://rebeccahairfactory.en.made-in-china.com,,,,,,,,,,2025-08-12T12:58:30.415163,
hair dryer,Brazilian Real Remy HumanHairHighlight 4/27 Deep Wave Frontal Lace Wig,https://elegant-hair.en.made-in-china.com/product/sfaRvSMHgxYh/China-Brazilian-Real-Remy-Human-Hair-Highlight-4-27-Deep-Wave-Frontal-Lace-Wig.html,sfaRvSMHgxYh,sfaRvSMHgxYh,53.0,USD,,,,,,,"Xuchang Elegant Hair Products Co., Ltd.",https://elegant-hair.en.made-in-china.com,,,,,,,,,,2025-08-12T12:58:30.425682,
hair dryer,Highlight Brown Deep Wave 4X4 13X4 HD Lace Front HumanHairWigs,https://elegant-hair.en.made-in-china.com/product/LmNpZCREEOUF/China-Highlight-Brown-Deep-Wave-4X4-13X4-HD-Lace-Front-Human-Hair-Wigs.html,LmNpZCREEOUF,LmNpZCREEOUF,56.0,USD,,,,,,,"Xuchang Elegant Hair Products Co., Ltd.",https://elegant-hair.en.made-in-china.com,,,,,,,,,,2025-08-12T12:58:30.435193,
hair dryer,Factory Price Water Curly Deep Wave Ombre Highlight 4/27 Lace Front Wig,https://elegant-hair.en.made-in-china.com/product/bmsRwrUorZYN/China-Factory-Price-Water-Curly-Deep-Wave-Ombre-Highlight-4-27-Lace-Front-Wig.html,bmsRwrUorZYN,bmsRwrUorZYN,54.0,USD,,,,,,,"Xuchang Elegant Hair Products Co., Ltd.",https://elegant-hair.en.made-in-china.com,,,,,,,,,,2025-08-12T12:58:30.445626,
hair dryer,22 Inch U TipHairExtensions Ombre U TipHairExtension HumanHairU TipHairExtension Brown U Tip HumanHairExtensions for Women,https://rebeccahairfactory.en.made-in-china.com/product/exLYgfyCsPpR/China-22-Inch-U-Tip-Hair-Extensions-Ombre-U-Tip-Hair-Extension-Human-Hair-U-Tip-Hair-Extension-Brown-U-Tip-Human-Hair-Extensions-for-Women.html,exLYgfyCsPpR,exLYgfyCsPpR,86.5,USD,,,,,,,"Henan Rebecca Hair Products Co.,Ltd",https://rebeccahairfactory.en.made-in-china.com,,,,,,,,,,2025-08-12T12:58:30.456747,
hair dryer,Wholesale 150% DensityP4/27 Highlight Blonde Straight 13X4 Swiss Lace Front Wigs,https://elegant-hair.en.made-in-china.com/product/dQZRPHMurwYK/China-Wholesale-150-Density-P4-27-Highlight-Blonde-Straight-13X4-Swiss-Lace-Front-Wigs.html,dQZRPHMurwYK,dQZRPHMurwYK,46.3,USD,,,,,,,"Xuchang Elegant Hair Products Co., Ltd.",https://elegant-hair.en.made-in-china.com,,,,,,,,,,2025-08-12T12:58:30.466917,
hair dryer,Automatic Liquid Honey Cosmetic Packing Olive Oil Blister Forming Filling Sealing Machine,https://cngrandmachinery.en.made-in-china.com/product/adVtYyGbAcWC/China-Automatic-Liquid-Honey-Cosmetic-Packing-Olive-Oil-Blister-Forming-Filling-Sealing-Machine.html,adVtYyGbAcWC,adVtYyGbAcWC,12500.0,USD,,,,,,,"WENZHOU GRAND MACHINERY TECHNOLOGY CO., LTD.",https://cngrandmachinery.en.made-in-china.com,,,,,,,,,,2025-08-12T12:58:33.279985,
hair dryer,Ffs Oral Liquid Olive Oil Plastic Ampoule Forming Filling and Sealing Machine,https://cngrandmachinery.en.made-in-china.com/product/QxzrJMIVgdcO/China-Ffs-Oral-Liquid-Olive-Oil-Plastic-Ampoule-Forming-Filling-and-Sealing-Machine.html,QxzrJMIVgdcO,QxzrJMIVgdcO,13000.0,USD,,,,,,,"WENZHOU GRAND MACHINERY TECHNOLOGY CO., LTD.",https://cngrandmachinery.en.made-in-china.com,,,,,,,,,,2025-08-12T12:58:33.297027,
hair dryer,UK Plug AC Power Cord Cable forHairDryerPower Cable,https://yiliancable.en.made-in-china.com/product/hGirTdcVEvWs/China-UK-Plug-AC-Power-Cord-Cable-for-Hair-Dryer-Power-Cable.html,hGirTdcVEvWs,hGirTdcVEvWs,0.25,USD,,,,,,,"Guangdong Yilian Cables Co., Ltd.",https://yiliancable.en.made-in-china.com,,,,,,,,,,2025-08-12T12:58:33.308065,
hair dryer,8ml Plastic Ampoule 10ml Vial Olive Oil Honey Bfs Oral Liquid Forming Filling and Sealing Machine,https://cngrandmachinery.en.made-in-china.com/product/JmSYOzrDZCkw/China-8ml-Plastic-Ampoule-10ml-Vial-Olive-Oil-Honey-Bfs-Oral-Liquid-Forming-Filling-and-Sealing-Machine.html,JmSYOzrDZCkw,JmSYOzrDZCkw,12000.0,USD,,,,,,,"WENZHOU GRAND MACHINERY TECHNOLOGY CO., LTD.",https://cngrandmachinery.en.made-in-china.com,,,,,,,,,,2025-08-12T12:58:33.319681,
hair dryer,Micro 689 2RS 689zz Deep Groove Ball Bearing 9*17*4mmHairDryerBlower Motor Bearing,https://fskbearing.en.made-in-china.com/product/AncYpHdChShR/China-Micro-689-2RS-689zz-Deep-Groove-Ball-Bearing-9-17-4mm-Hair-Dryer-Blower-Motor-Bearing.html,AncYpHdChShR,AncYpHdChShR,0.5,USD,,,,,,,"Wuxi Fsk Transmission Bearing Co., Ltd.",https://fskbearing.en.made-in-china.com,,,,,,,,,,2025-08-12T12:58:33.329810,
hair dryer,Automatic Olive Oil Packing Machine Liquid Ampoule Forming Filling and Packaging Machine,https://cngrandmachinery.en.made-in-china.com/product/pAEreOaGIxVv/China-Automatic-Olive-Oil-Packing-Machine-Liquid-Ampoule-Forming-Filling-and-Packaging-Machine.html,pAEreOaGIxVv,pAEreOaGIxVv,11000.0,USD,,,,,,,"WENZHOU GRAND MACHINERY TECHNOLOGY CO., LTD.",https://cngrandmachinery.en.made-in-china.com,,,,,,,,,,2025-08-12T12:58:33.342325,
hair dryer,Automatic Single Dose Oral Liquid Packing Machine Plastic Ampoule Forming Filling Sealing Machine,https://cngrandmachinery.en.made-in-china.com/product/lnaUoHychwVf/China-Automatic-Single-Dose-Oral-Liquid-Packing-Machine-Plastic-Ampoule-Forming-Filling-Sealing-Machine.html,lnaUoHychwVf,lnaUoHychwVf,12000.0,USD,,,,,,,"WENZHOU GRAND MACHINERY TECHNOLOGY CO., LTD.",https://cngrandmachinery.en.made-in-china.com,,,,,,,,,,2025-08-12T12:58:33.354839,
hair dryer,"Wholesale of Insulation White Mica Sheets, High-Temperature Resistant Mica Gaskets, and Insulation Sold by Manufacturers",https://superbheater.en.made-in-china.com/product/wxbpfnjlaMWJ/China-Wholesale-of-Insulation-White-Mica-Sheets-High-Temperature-Resistant-Mica-Gaskets-and-Insulation-Sold-by-Manufacturers.html,wxbpfnjlaMWJ,wxbpfnjlaMWJ,1.0,USD,,,,,,,"Shenzhen Superb Heater Technology Co., Limited",https://superbheater.en.made-in-china.com,,,,,,,,,,2025-08-12T12:58:33.363896,
hair dryer,"Bearing for Autoparts, Motorcyle Parts, Ball Bearings 60 Series",https://kent-bearing.en.made-in-china.com/product/pxuURmwjOWVL/China-Bearing-for-Autoparts-Motorcyle-Parts-Ball-Bearings-60-Series.html,pxuURmwjOWVL,pxuURmwjOWVL,0.1,USD,,,,,,,"Ningbo Kent Bearing Co., Ltd.",https://kent-bearing.en.made-in-china.com,,,,,,,,,,2025-08-12T12:58:33.375103,
hair dryer,Mica Sheet Price Natural Mica Sheet/Natural Insulation Mica Sheet,https://superbheater.en.made-in-china.com/product/vbQJDrYkJwfH/China-Mica-Sheet-Price-Natural-Mica-Sheet-Natural-Insulation-Mica-Sheet.html,vbQJDrYkJwfH,vbQJDrYkJwfH,1.0,USD,,,,,,,"Shenzhen Superb Heater Technology Co., Limited",https://superbheater.en.made-in-china.com,,,,,,,,,,2025-08-12T12:58:33.385125,
hair dryer,Deep Groove Ball Bearings 608 for Pumps,https://kent-bearing.en.made-in-china.com/product/MJLYZncCCkhV/China-Deep-Groove-Ball-Bearings-608-for-Pumps.html,MJLYZncCCkhV,MJLYZncCCkhV,0.1,USD,,,,,,,"Ningbo Kent Bearing Co., Ltd.",https://kent-bearing.en.made-in-china.com,,,,,,,,,,2025-08-12T12:58:33.396502,
hair dryer,0.7mm Thickness 1000*600mm High Temperature Mica Sheet,https://superbheater.en.made-in-china.com/product/benEHarxIdGk/China-0-7mm-Thickness-1000-600mm-High-Temperature-Mica-Sheet.html,benEHarxIdGk,benEHarxIdGk,1.0,USD,,,,,,,"Shenzhen Superb Heater Technology Co., Limited",https://superbheater.en.made-in-china.com,,,,,,,,,,2025-08-12T12:58:33.408023,
hair dryer,"P6 Precision 6000 Series Ball Bearings for Meters, Motors, Washing Machines,HairDryers, Electric Tools",https://kent-bearing.en.made-in-china.com/product/IxYUnQOHTVWm/China-P6-Precision-6000-Series-Ball-Bearings-for-Meters-Motors-Washing-Machines-Hair-Dryers-Electric-Tools.html,IxYUnQOHTVWm,IxYUnQOHTVWm,0.1,USD,,,,,,,"Ningbo Kent Bearing Co., Ltd.",https://kent-bearing.en.made-in-china.com,,,,,,,,,,2025-08-12T12:58:33.423055,
hair dryer,Mica Board Manufacturers Can Customize High-Temperature Resistant Mica Board Silver Insulation Board,https://superbheater.en.made-in-china.com/product/eQbRSyKCSMWl/China-Mica-Board-Manufacturers-Can-Customize-High-Temperature-Resistant-Mica-Board-Silver-Insulation-Board.html,eQbRSyKCSMWl,eQbRSyKCSMWl,1.0,USD,,,,,,,"Shenzhen Superb Heater Technology Co., Limited",https://superbheater.en.made-in-china.com,,,,,,,,,,2025-08-12T12:58:33.434572,
hair dryer,0.7mm Thickness 1000*1200mm High Temperature Mica Sheet,https://superbheater.en.made-in-china.com/product/qoEmDPpKgOfk/China-0-7mm-Thickness-1000-1200mm-High-Temperature-Mica-Sheet.html,qoEmDPpKgOfk,qoEmDPpKgOfk,1.0,USD,,,,,,,"Shenzhen Superb Heater Technology Co., Limited",https://superbheater.en.made-in-china.com,,,,,,,,,,2025-08-12T12:58:33.446097,
hair dryer,"Mica Board Insulation, High Temperature Resistant Silver Mica Gasket, Circular Ring Gasket, Insulation Sheet 0.2-30mm",https://superbheater.en.made-in-china.com/product/iJqrvyXcrMkH/China-Mica-Board-Insulation-High-Temperature-Resistant-Silver-Mica-Gasket-Circular-Ring-Gasket-Insulation-Sheet-0-2-30mm.html,iJqrvyXcrMkH,iJqrvyXcrMkH,1.0,USD,,,,,,,"Shenzhen Superb Heater Technology Co., Limited",https://superbheater.en.made-in-china.com,,,,,,,,,,2025-08-12T12:58:33.459118,
hair dryer,0.8mm Thickness 1000*1200mm High Temperature Mica Sheet,https://superbheater.en.made-in-china.com/product/qMxmIopDgZth/China-0-8mm-Thickness-1000-1200mm-High-Temperature-Mica-Sheet.html,qMxmIopDgZth,qMxmIopDgZth,1.0,USD,,,,,,,"Shenzhen Superb Heater Technology Co., Limited",https://superbheater.en.made-in-china.com,,,,,,,,,,2025-08-12T12:58:33.471658,
hair dryer,High Temperature Mica Heater Mica Sheet,https://superbheater.en.made-in-china.com/product/TonxlHrvJdtb/China-High-Temperature-Mica-Heater-Mica-Sheet.html,TonxlHrvJdtb,TonxlHrvJdtb,3.0,USD,,,,,,,"Shenzhen Superb Heater Technology Co., Limited",https://superbheater.en.made-in-china.com,,,,,,,,,,2025-08-12T12:58:33.483174,
hair dryer,0.9mm Thickness 1000*1200mm High Temperature Mica Sheet,https://superbheater.en.made-in-china.com/product/deJnHARTsOaV/China-0-9mm-Thickness-1000-1200mm-High-Temperature-Mica-Sheet.html,deJnHARTsOaV,deJnHARTsOaV,3.0,USD,,,,,,,"Shenzhen Superb Heater Technology Co., Limited",https://superbheater.en.made-in-china.com,,,,,,,,,,2025-08-12T12:58:33.494909,
hair dryer,High Temeperature Mica Band Heater Mica Sheet for Injection Machine,https://superbheater.en.made-in-china.com/product/GqnxbpYUFwtE/China-High-Temeperature-Mica-Band-Heater-Mica-Sheet-for-Injection-Machine.html,GqnxbpYUFwtE,GqnxbpYUFwtE,3.0,USD,,,,,,,"Shenzhen Superb Heater Technology Co., Limited",https://superbheater.en.made-in-china.com,,,,,,,,,,2025-08-12T12:58:33.505424,
hair dryer,Customized Gold White High-Temperature Resistant Processing Parts for Mica Board Insulation Material,https://superbheater.en.made-in-china.com/product/rxeUKnSJOMVi/China-Customized-Gold-White-High-Temperature-Resistant-Processing-Parts-for-Mica-Board-Insulation-Material.html,rxeUKnSJOMVi,rxeUKnSJOMVi,0.3,USD,,,,,,,"Shenzhen Superb Heater Technology Co., Limited",https://superbheater.en.made-in-china.com,,,,,,,,,,2025-08-12T12:58:33.517939,
hair dryer,0.3mm Thickness 1000*600mm Mica Sheet in Mica Heater,https://superbheater.en.made-in-china.com/product/beQEHMpFXOTI/China-0-3mm-Thickness-1000-600mm-Mica-Sheet-in-Mica-Heater.html,beQEHMpFXOTI,beQEHMpFXOTI,3.0,USD,,,,,,,"Shenzhen Superb Heater Technology Co., Limited",https://superbheater.en.made-in-china.com,,,,,,,,,,2025-08-12T12:58:33.530276,
hair dryer,High Temperature Mica Band Heater Mica Sheet,https://superbheater.en.made-in-china.com/product/feQxipRJTZTM/China-High-Temperature-Mica-Band-Heater-Mica-Sheet.html,feQxipRJTZTM,feQxipRJTZTM,1.0,USD,,,,,,,"Shenzhen Superb Heater Technology Co., Limited",https://superbheater.en.made-in-china.com,,,,,,,,,,2025-08-12T12:58:33.540791,
hair dryer,Thickmess 0.5mm 1000*1200mm Thickness Mica Sheet in Mica Heater,https://superbheater.en.made-in-china.com/product/rexniCpVYwaW/China-Thickmess-0-5mm-1000-1200mm-Thickness-Mica-Sheet-in-Mica-Heater.html,rexniCpVYwaW,rexniCpVYwaW,1.0,USD,,,,,,,"Shenzhen Superb Heater Technology Co., Limited",https://superbheater.en.made-in-china.com,,,,,,,,,,2025-08-12T12:58:33.556313,
hair dryer,Electrical Insulation White Muscovite Mica Paper Price Designs Mica Sheet 0.5mm for Microwave Oven,https://superbheater.en.made-in-china.com/product/SACpWshOLiVG/China-Electrical-Insulation-White-Muscovite-Mica-Paper-Price-Designs-Mica-Sheet-0-5mm-for-Microwave-Oven.html,SACpWshOLiVG,SACpWshOLiVG,0.8,USD,,,,,,,"Shenzhen Superb Heater Technology Co., Limited",https://superbheater.en.made-in-china.com,,,,,,,,,,2025-08-12T12:58:33.565828,
hair dryer,Electric Insulation Mica Sheet 0.5mm Thin Mica Sheet Mica Paper Price,https://superbheater.en.made-in-china.com/product/ZtNryQbAXlWu/China-Electric-Insulation-Mica-Sheet-0-5mm-Thin-Mica-Sheet-Mica-Paper-Price.html,ZtNryQbAXlWu,ZtNryQbAXlWu,0.8,USD,,,,,,,"Shenzhen Superb Heater Technology Co., Limited",https://superbheater.en.made-in-china.com,,,,,,,,,,2025-08-12T12:58:33.575146,
hair dryer,Thickness 0.4mm 1000*600mm Mica Sheet in Mica Heater,https://superbheater.en.made-in-china.com/product/RqEniprxTFtV/China-Thickness-0-4mm-1000-600mm-Mica-Sheet-in-Mica-Heater.html,RqEniprxTFtV,RqEniprxTFtV,3.0,USD,,,,,,,"Shenzhen Superb Heater Technology Co., Limited",https://superbheater.en.made-in-china.com,,,,,,,,,,2025-08-12T12:58:33.585160,
hair dryer,High Temeperature Mica Product Band Heater Mica Sheet for Oven,https://superbheater.en.made-in-china.com/product/PexnofUOsdat/China-High-Temeperature-Mica-Product-Band-Heater-Mica-Sheet-for-Oven.html,PexnofUOsdat,PexnofUOsdat,3.0,USD,,,,,,,"Shenzhen Superb Heater Technology Co., Limited",https://superbheater.en.made-in-china.com,,,,,,,,,,2025-08-12T12:58:33.595253,
hair dryer,1.0mm Thickness 1000*600mm High Temperature Mica Sheet,https://superbheater.en.made-in-china.com/product/moQJDrYxmOAM/China-1-0mm-Thickness-1000-600mm-High-Temperature-Mica-Sheet.html,moQJDrYxmOAM,moQJDrYxmOAM,3.0,USD,,,,,,,"Shenzhen Superb Heater Technology Co., Limited",https://superbheater.en.made-in-china.com,,,,,,,,,,2025-08-12T12:58:33.606772,
hair dryer,0.6mm Thickness Mica Sheet in Mica Heater,https://superbheater.en.made-in-china.com/product/LMnxiUYOaFGh/China-0-6mm-Thickness-Mica-Sheet-in-Mica-Heater.html,LMnxiUYOaFGh,LMnxiUYOaFGh,3.0,USD,,,,,,,"Shenzhen Superb Heater Technology Co., Limited",https://superbheater.en.made-in-china.com,,,,,,,,,,2025-08-12T12:58:33.617040,
