keyword,title,listing_url,item_number,sku,price,currency,min_order_quantity,max_order_quantity,description,seller_name,seller_profile_url,seller_rating,seller_total_reviews,seller_business_name,seller_country,seller_address,seller_email,scraped_at,last_updated
electronics,MW-Festo Guide Rod Cylinder Dfm-25-30-B-Ppv-a-GF 8161423 Guided Drive/ Electric Actuator Esbf-BS-50-500-10p 8022601 F Esto/Compact Air Cylinder Dsbc-50-3,https://machine-win.en.made-in-china.com/product/otcRwKuCAnWk/China-MW-Festo-Guide-Rod-Cylinder-Dfm-25-30-B-Ppv-a-GF-8161423-Guided-Drive-Electric-Actuator-Esbf-BS-50-500-10p-8022601-F-Esto-Compact-Air-Cylinder-Dsbc-50-3.html,,Dfm-25-30-b-ppv-a-gf,72.75,USD,1.0,,"MW-Festo Guide Rod Cylinder Dfm-25-30-B-Ppv-a-GF 8161423 Guided Drive/ Electric Actuator Esbf-BS-50-500-10p 8022601 F Esto/Compact Air Cylinder Dsbc-50-3US$ 72.75-1105.8/ Piece1 Piece(MOQ)Shenzhen Leading International Trading Co., Ltd.Shenzhen Leading International Trading Co., Ltd.Gold MemberAudited SupplierGuangdong, ChinaView larger video & image","Shenzhen Leading International Trading Co., Ltd.",https://machine-win.en.made-in-china.com,,,Siemens Electric,"Guangdong, China","Xixiang Street, Jinhai Road, Shenzhen",,2025-08-15T12:19:49.228768,
electronics,Rockme Factory Price Electronic Cigarette 25000 Puffs PRO Rechargeable Max Wholesale 2% 5% Disposable Vape Pen,https://luckee.en.made-in-china.com/product/FZJazDgVXRek/China-Rockme-Factory-Price-Electronic-Cigarette-25000-Puffs-PRO-Rechargeable-Max-Wholesale-2-5-Disposable-Vape-Pen.html,,ROCKME,4.14,USD,200.0,,"Rockme Factory Price Electronic Cigarette 25000 Puffs PRO Rechargeable Max Wholesale 2% 5% Disposable Vape PenUS$ 4.14-4.57/ Piece200 Pieces(MOQ)Shenzhen Thunder Storm Technology Co., LtdShenzhen Thunder Storm Technology Co., LtdDiamond MemberAudited SupplierGuangdong, ChinaView larger video & image","Shenzhen Thunder Storm Technology Co., Ltd",https://luckee.en.made-in-china.com,,,Shenzhen Thunder Storm Technology Co.,"Shenzhen, China","201 Bldg B, Tongfuyu Industrial Park, No. 9",,2025-08-15T12:19:52.950983,
electronics,Custom Metal Waterproof EV Charger Enclosure EV Charger Case EV Charger Box,https://yfeger.en.made-in-china.com/product/vQyRqnKObEcY/China-Custom-Metal-Waterproof-EV-Charger-Enclosure-EV-Charger-Case-EV-Charger-Box.html,,ISO9001,0.1,USD,1.0,,"Custom Metal Waterproof EV Charger Enclosure EV Charger Case EV Charger BoxUS$ 0.1-99/ Piece1 Piece(MOQ)Cangzhou Yifeng Hardware Manufacturing Co., Ltd.Cangzhou Yifeng Hardware Manufacturing Co., Ltd.Diamond MemberAudited SupplierHebei, ChinaManufacturer/Factory & Trading CompanyISO9001:2015, OthersView larger video & image","Cangzhou Yifeng Hardware Manufacturing Co., Ltd.",https://yfeger.en.made-in-china.com,,,Cangzhou Yfeger Hardware Manufacturing Co.,"Hebei, China","Musanbu Industrial Zone, Nanpi County, Cangzhou",,2025-08-15T12:19:57.251957,
electronics,Esmoo B10 5000 Puffs Unique LED Flashing Disposable Vabe E-Cigarette,https://stopsmoking.en.made-in-china.com/product/awgAPFUzhYeM/China-Esmoo-B10-5000-Puffs-Unique-LED-Flashing-Disposable-Vabe-E-Cigarette.html,,B10-04,2.5,USD,100.0,,"Esmoo B10 5000 Puffs Unique LED Flashing Disposable Vabe E-CigaretteUS$ 2.5-2.9/ Piece100 Pieces(MOQ)Dongguan Esmoo Technologies Co., Ltd.Dongguan Esmoo Technologies Co., Ltd.Diamond MemberAudited SupplierGuangdong, ChinaManufacturer/Factory & Trading CompanyISO9001:2015, ISO45001:2018View larger video & image","Dongguan Esmoo Technologies Co., Ltd.",https://stopsmoking.en.made-in-china.com,,,"Post Sourcing Request













Dongguan Esmoo Technologies Co.","Guangdong, China","4th Floor, E Building, Fubao Home Furnishing Group",,2025-08-15T12:20:01.017245,
electronics,European Style Distribution System with Innovative Compact Transformer,https://chbebpower.en.made-in-china.com/product/jJuUSGOcHXRE/China-European-Style-Distribution-System-with-Innovative-Compact-Transformer.html,8537209000,ISO9001,50000.0,USD,1.0,,"European Style Distribution System with Innovative Compact TransformerUS$ 50000/ Piece1 Piece(MOQ)Beierbian Group Co., LtdBeierbian Group Co., LtdDiamond MemberAudited SupplierZhejiang, ChinaView larger video & image","Beierbian Group Co., Ltd",https://chbebpower.en.made-in-china.com,,,originated from Beijing Beierbian Transformer Group Co.,"Zhejiang, China","No. 211, Weishi Road, Yueqing Economic Development Zone",,2025-08-15T12:20:05.843398,
electronics,Premium Golden Triangle 11kv 3DElectronicsTransformer Core and Winding,https://goldentriangle.en.made-in-china.com/product/IbfnecqdZUHo/China-Premium-Golden-Triangle-11kv-3D-Electronics-Transformer-Core-and-Winding.html,8504210000,S-M,700.0,USD,1.0,,"Premium Golden Triangle 11kv 3DElectronicsTransformer Core and WindingUS$ 700-20000/ Piece1 Piece(MOQ)Golden Triangle Electric Power Technology Co., Ltd.Golden Triangle Electric Power Technology Co., Ltd.Diamond MemberAudited SupplierZhejiang, ChinaManufacturer/Factory & Trading CompanyISO9001:2015View larger video & image5(4.0)""Fast Dispatch""Fast Dispatch","Golden Triangle Electric Power Technology Co., Ltd.",https://goldentriangle.en.made-in-china.com,4.0,4.0,Golden Triangle Electric Power Technology Co.,"system, China","No 66, Binhai Nansan Road, Yueqing Economic Development Zone",,2025-08-15T12:20:09.554716,
electronics,Amazing Taste Newest Original Disposable Electronic Cigarette Randm Pilot Vape 25000 20000 15000 Puffs Waka Disposable Vape Pen Pod 25000 Puff for Wholesale,https://pilotvape.en.made-in-china.com/product/SaHYrVKOAGkj/China-Amazing-Taste-Newest-Original-Disposable-Electronic-Cigarette-Randm-Pilot-Vape-25000-20000-15000-Puffs-Waka-Disposable-Vape-Pen-Pod-25000-Puff-for-Wholesale.html,5144030068,Pilot,4.2,USD,100.0,,"Amazing Taste Newest Original Disposable Electronic Cigarette Randm Pilot Vape 25000 20000 15000 Puffs Waka Disposable Vape Pen Pod 25000 Puff for WholesaleUS$ 4.2-4.8/ Piece100 Pieces(MOQ)Shenzhen FM Technology Co., Ltd.Shenzhen FM Technology Co., Ltd.Diamond MemberAudited SupplierGuangdong, ChinaView larger video & image5(5.0)""On-time Delivery""On-time Delivery","Shenzhen FM Technology Co., Ltd.",https://pilotvape.en.made-in-china.com,5.0,5.0,"Post Sourcing Request













Shenzhen FM Technology Co.","Guangdong, China","Shenzhen, Guangdong, China",,2025-08-15T12:20:14.491479,
electronics,Randm Fumot Digital Box 12000 Puffs Randm 12000 Disposable Puff 12K 20ml with Battery and Ejuice Display 40 Flavors,https://youyouweipu.en.made-in-china.com/product/fEkRQlUYxrpn/China-Randm-Fumot-Digital-Box-12000-Puffs-Randm-12000-Disposable-Puff-12K-20ml-with-Battery-and-Ejuice-Display-40-Flavors.html,8422901000,Randm,5.0,USD,100.0,,"Randm Fumot Digital Box 12000 Puffs Randm 12000 Disposable Puff 12K 20ml with Battery and Ejuice Display 40 FlavorsUS$ 5-5.8/ Piece100 Pieces(MOQ)Shenzhen Youyouweipu Technology Co., LtdShenzhen Youyouweipu Technology Co., LtdDiamond MemberAudited SupplierGuangdong, ChinaTrading CompanyView larger video & image5(2.4)""On-time Delivery""On-time Delivery","Shenzhen Youyouweipu Technology Co., Ltd",https://youyouweipu.en.made-in-china.com,,,,"Guangdong, China","Shenzhen, Guangdong, China",,2025-08-15T12:20:18.232410,
electronics,Most Popular China Wholesale Disposable Mini Electronic E Cigarette 15K Puffs Vaper,https://yemvape.en.made-in-china.com/product/oTzYKeqGnVhC/China-Most-Popular-China-Wholesale-Disposable-Mini-Electronic-E-Cigarette-15K-Puffs-Vaper.html,8543400000,TD15-313,3.0,USD,1.0,,"Most Popular China Wholesale Disposable Mini Electronic E Cigarette 15K Puffs VaperUS$ 3-4/ Piece1 Piece(MOQ)Shenzhen Yingmei Biotechnology Co., Ltd.Shenzhen Yingmei Biotechnology Co., Ltd.Diamond MemberAudited SupplierGuangdong, ChinaView larger video & image5(2.0)""Fantastic Service""Fantastic Service","Shenzhen Yingmei Biotechnology Co., Ltd.",https://yemvape.en.made-in-china.com,,,Shenzhen Yingmei Biotechnology Co.,"Guangdong, China","No. 2095 Bixin Road (Longgang Section), Nanlian Community, Longgang Street",,2025-08-15T12:20:21.782796,
electronics,Disposable E-Cigarette Hot Zooy Diamond 15000 Puffs 30K 25K 15K 10K Puff Vape Original EU Stock Dual Flavor High Puff Count EU Warehouse Wholesale Vape,https://sahiyoovapes02.en.made-in-china.com/product/rTuYpkRAvNho/China-Disposable-E-Cigarette-Hot-Zooy-Diamond-15000-Puffs-30K-25K-15K-10K-Puff-Vape-Original-EU-Stock-Dual-Flavor-High-Puff-Count-EU-Warehouse-Wholesale-Vape.html,8421219901,zooy,4.69,USD,20.0,,"CE certifiedvalid since 2025-01-24(contact issuer for current status)Disposable E-Cigarette Hot Zooy Diamond 15000 Puffs 30K 25K 15K 10K Puff Vape Original EU Stock Dual Flavor High Puff Count EU Warehouse Wholesale VapeUS$ 4.69-6/ Piece20 Pieces(MOQ)Chongqing Lifelike Tech Co., Ltd.Chongqing Lifelike Tech Co., Ltd.Diamond MemberAudited SupplierChongqing, ChinaTrading CompanyView larger video & image5(5.0)""Fast Delivery""Fast Delivery","Chongqing Lifelike Tech Co., Ltd.",https://sahiyoovapes02.en.made-in-china.com,5.0,5.0,Group,"Chongqing, China","Chongqing, China",,2025-08-15T12:20:26.279260,
electronics,Copy-Service Manufacturer OEM and ODMElectronicsMultilayer Printed Circuit Board PCBA Assembly Supplier Multilayer PCB,https://gzkevis.en.made-in-china.com/product/nTDpgZBuZMcO/China-Copy-Service-Manufacturer-OEM-and-ODM-Electronics-Multilayer-Printed-Circuit-Board-PCBA-Assembly-Supplier-Multilayer-PCB.html?ads_tp=ppc&ads_id=WJRQUInPzmkY,,Mother,0.1,USD,1.0,,"Copy-Service Manufacturer OEM and ODMElectronicsMultilayer Printed Circuit Board PCBA Assembly Supplier Multilayer PCBUS$ 0.1-1/ Piece1 Piece(MOQ)Guangzhou Kevis Electronic Technology Co., Ltd.Guangzhou Kevis Electronic Technology Co., Ltd.Diamond MemberAudited SupplierSecured TradingGuangdong, ChinaEnjoy trading protection from Made-in-China.comView larger video & image","Guangzhou Kevis Electronic Technology Co., Ltd.",https://gzkevis.en.made-in-china.com?ads_tp=ppc&ads_id=WJRQUInPzmkY,,,Guangzhou Kevis Electronic Technology Co.,"Guangdong, China","Room 601-3, Building D No. 7 Caipin Road, Science City",,2025-08-15T12:20:32.950144,
electronics,ElectronicsControl Board PCBA PCB Assembly Factory Provided Bom Gerber Files Service,https://gzkevis.en.made-in-china.com/product/aTiRCLvcHbhr/China-Electronics-Control-Board-PCBA-PCB-Assembly-Factory-Provided-Bom-Gerber-Files-Service.html?ads_tp=ppc&ads_id=WJRQUInPzmkY,,PCB-06,0.1,USD,1.0,,"CE certifiedvalid since 2024-12-20(contact issuer for current status)ElectronicsControl Board PCBA PCB Assembly Factory Provided Bom Gerber Files ServiceUS$ 0.1-1.5/ Piece1 Piece(MOQ)Guangzhou Kevis Electronic Technology Co., Ltd.Guangzhou Kevis Electronic Technology Co., Ltd.Diamond MemberAudited SupplierSecured TradingGuangdong, ChinaEnjoy trading protection from Made-in-China.comView larger video & image","Guangzhou Kevis Electronic Technology Co., Ltd.",https://gzkevis.en.made-in-china.com?ads_tp=ppc&ads_id=WJRQUInPzmkY,,,Guangzhou Kevis Electronic Technology Co.,"Guangdong, China","Room 601-3, Building D No. 7 Caipin Road, Science City",,2025-08-15T12:20:38.819208,
electronics,Full-Featured ISO13485 Printed CardElectronicsManufacturing and Circuit Assembly,https://pspcba.en.made-in-china.com/product/wrNYHkPZnAVU/China-Full-Featured-ISO13485-Printed-Card-Electronics-Manufacturing-and-Circuit-Assembly.html?ads_tp=ppc&ads_id=VmGxLkFUmQWn,,Special,0.1,USD,5.0,,"Full-Featured ISO13485 Printed CardElectronicsManufacturing and Circuit AssemblyUS$ 0.1-3/ Piece5 Pieces(MOQ)Ps Electronics Co., LtdPs Electronics Co., LtdDiamond MemberAudited SupplierGuangdong, ChinaTrading CompanyISO9001:2015, ISO14001View larger video & image5(3.0)""Awesome Customer Service""Awesome Customer Service","Ps Electronics Co., Ltd",https://pspcba.en.made-in-china.com?ads_tp=ppc&ads_id=VmGxLkFUmQWn,,,"Post Sourcing Request
















                                    Ps Electronics Co.","Guangdong, China","503, Yinjin Mansion, 71 Area",,2025-08-15T12:20:51.917915,
electronics,Custom PCB Assembly and Design Services forElectronics,https://pspcba.en.made-in-china.com/product/kdsAyqjTALaf/China-Custom-PCB-Assembly-and-Design-Services-for-Electronics.html?ads_tp=ppc&ads_id=VmGxLkFUmQWn,,Industrial,0.1,USD,1.0,,"Custom PCB Assembly and Design Services forElectronicsUS$ 0.1-5/ Piece1 Piece(MOQ)Ps Electronics Co., LtdPs Electronics Co., LtdDiamond MemberAudited SupplierGuangdong, ChinaTrading CompanyISO9001:2015, ISO14001View larger video & image5(3.0)""Perfect Service""Perfect Service","Ps Electronics Co., Ltd",https://pspcba.en.made-in-china.com?ads_tp=ppc&ads_id=VmGxLkFUmQWn,,,"Post Sourcing Request
















                                    Ps Electronics Co.","Guangdong, China","503, Yinjin Mansion, 71 Area",,2025-08-15T12:21:04.584680,
electronics,Fast PCB Prototype ServiceElectronicsManufacturing Assembly Printed Circuit Board PCBA,https://finestpcb.en.made-in-china.com/product/OwVGSNMjeefs/China-Fast-PCB-Prototype-Service-Electronics-Manufacturing-Assembly-Printed-Circuit-Board-PCBA.html,8534001000,ISO9001,2.0,USD,1.0,,"Fast PCB Prototype ServiceElectronicsManufacturing Assembly Printed Circuit Board PCBAUS$ 2-5/ Piece1 Piece(MOQ)Finest Printed Circuit Board Ltd.Finest Printed Circuit Board Ltd.Diamond MemberAudited SupplierSecured TradingGuangdong, ChinaManufacturer/Factory & Trading CompanyEnjoy trading protection from Made-in-China.comView larger video & image",Finest Printed Circuit Board Ltd.,https://finestpcb.en.made-in-china.com,,,Finest Group,"Guangdong, China","Floor 2, Building A4, No. 18",,2025-08-15T12:21:11.478627,
electronics,Fr4 RoHS UL AutomobileElectronicsSingle Layer Doule Side Multilayer PCB Manufacturer,https://haizhanni.en.made-in-china.com/product/cTnYbqwxZMVd/China-Fr4-RoHS-UL-Automobile-Electronics-Single-Layer-Doule-Side-Multilayer-PCB-Manufacturer.html,,562,0.1,USD,10.0,,"Fr4 RoHS UL AutomobileElectronicsSingle Layer Doule Side Multilayer PCB ManufacturerUS$ 0.1-10/ Piece10 Pieces(MOQ)Zhejiang Haizhanni Electronic Circuit Co., Ltd.Zhejiang Haizhanni Electronic Circuit Co., Ltd.Diamond MemberAudited SupplierSecured TradingZhejiang, ChinaEnjoy trading protection from Made-in-China.comView larger video & image","Zhejiang Haizhanni Electronic Circuit Co., Ltd.",https://haizhanni.en.made-in-china.com,,,Our company,"Zhejiang, China","Jinhai 1st Binhai 11th Intersection, Xinghai Street, Wenzhou Bay New Area",,2025-08-15T12:21:17.752530,
electronics,CE Ht Series IP65 2/3/5/8/12 Way Wholesale Electrical /Office Consumer ShenzhenElectronicsMarket Price Power Plastic Enclosure MCB Junction Distribution Box,https://johnnele.en.made-in-china.com/product/HwZaXxbvSotF/China-CE-Ht-Series-IP65-2-3-5-8-12-Way-Wholesale-Electrical-Office-Consumer-Shenzhen-Electronics-Market-Price-Power-Plastic-Enclosure-MCB-Junction-Distribution-Box.html?ads_tp=&ads_id=YjetCyRbZHDx,,SHPN-4WAYS,2.64,USD,5.0,,"CE Ht Series IP65 2/3/5/8/12 Way Wholesale Electrical /Office Consumer ShenzhenElectronicsMarket Price Power Plastic Enclosure MCB Junction Distribution BoxUS$ 2.64-2.91/ pieces5 pieces(MOQ)Zhejiang Johnn Electrical Co., LtdZhejiang Johnn Electrical Co., LtdDiamond MemberAudited SupplierSecured TradingZhejiang, ChinaManufacturer/Factory & Trading CompanyEnjoy trading protection from Made-in-China.comView larger video & image","Zhejiang Johnn Electrical Co., Ltd",https://johnnele.en.made-in-china.com?ads_tp=&ads_id=YjetCyRbZHDx,,,ZHEJIANG JOHNN ELECTRICAL Co.,"Zhejiang, China","No. 166 Xianglong Street, Nanmingshan Street, Liandu District",,2025-08-15T12:21:24.443300,
electronics,High-Quality 16mm Metal Flat Head Illuminated Push Button Switch forElectronics,https://yijiapushbutton.en.made-in-china.com/product/kapYchfTaOWV/China-High-Quality-16mm-Metal-Flat-Head-Illuminated-Push-Button-Switch-for-Electronics.html,8536500090,YJ-GQ16BF-11E,1.8,USD,1.0,,"High-Quality 16mm Metal Flat Head Illuminated Push Button Switch forElectronicsUS$ 1.8/ Piece1 Piece(MOQ)Yijia Industrial Electric Co., Ltd.Yijia Industrial Electric Co., Ltd.Diamond MemberAudited SupplierZhejiang, ChinaManufacturer/Factory & Trading CompanyISO9001:2015View larger video & image","Yijia Industrial Electric Co., Ltd.",https://yijiapushbutton.en.made-in-china.com,,,YIJIA Industrial Electric Co.,"Zhejiang, China","Wenzhou Bridge Industrial Zone, Beibaixiang Town, Yueqing City",,2025-08-15T12:21:28.926545,
electronics,High Current Flat Wire Ferrite Core SMD Type High Frequency Transformers of IkpElectronics,https://ikp-elec.en.made-in-china.com/product/UsRxHfqOhMWp/China-High-Current-Flat-Wire-Ferrite-Core-SMD-Type-High-Frequency-Transformers-of-Ikp-Electronics.html?ads_tp=&ads_id=NyhTPrQdEHDs,,IKP-PT-LF,0.82,USD,500.0,,"High Current Flat Wire Ferrite Core SMD Type High Frequency Transformers of IkpElectronicsUS$ 0.82-0.88/ Piece500 Pieces(MOQ)IKP ELECTRONICS CO., LTD.IKP ELECTRONICS CO., LTD.Diamond MemberAudited SupplierSecured TradingAnhui, ChinaEnjoy trading protection from Made-in-China.comView larger video & image","IKP ELECTRONICS CO., LTD.",https://ikp-elec.en.made-in-china.com?ads_tp=&ads_id=NyhTPrQdEHDs,,,IKP is a comprehensive magnetic components manufacture founded sinc,"Anhui, China","Building5, No.41 Tangkou Rd., Feixi Economic Development Area",,2025-08-15T12:21:32.797376,
electronics,SmartElectronicsOEM Customized LED PCBA Prototype Service Multilayer PCB Circuit Board Assembly Guangdong Manufacturer Custom Made PCBA,https://smartbes.en.made-in-china.com/product/OTFRGSQMLycB/China-Smart-Electronics-OEM-Customized-LED-PCBA-Prototype-Service-Multilayer-PCB-Circuit-Board-Assembly-Guangdong-Manufacturer-Custom-Made-PCBA.html,8414909090,PCBA,0.5,USD,5.0,,"SmartElectronicsOEM Customized LED PCBA Prototype Service Multilayer PCB Circuit Board Assembly Guangdong Manufacturer Custom Made PCBAUS$ 0.5-4.99/ Piece5 Pieces(MOQ)Shenzhen Smart Electronics Co., LtdShenzhen Smart Electronics Co., LtdDiamond MemberAudited SupplierSecured TradingGuangdong, ChinaEnjoy trading protection from Made-in-China.comView larger video & image","Shenzhen Smart Electronics Co., Ltd",https://smartbes.en.made-in-china.com,,,Your Premier PCB & PCBA Manufacturing,"Guangdong, China","No. 403, Shangshuijing Complex Bldg, Jihua Rd.",,2025-08-15T12:21:39.469607,
electronics,"Control Transformer for HVAC, industrial, homeelectronics",https://altransfo.en.made-in-china.com/product/GZYalvjCZtAK/China-Control-Transformer-for-HVAC-industrial-home-electronics.html,,AL-PT211,3.08,USD,500.0,,"Control Transformer for HVAC, industrial, homeelectronicsUS$ 3.08-3.21/ Piece500 Pieces(MOQ)AL Transfo Technology LimitedAL Transfo Technology LimitedDiamond MemberAudited SupplierSecured TradingAnhui, ChinaEnjoy trading protection from Made-in-China.comView larger video & image",AL Transfo Technology Limited,https://altransfo.en.made-in-china.com,,,"Post Sourcing Request
















                                    AL Transfo Technology","Anhui, China","Building Two, Hehuan Road, High-Tech Zone",,2025-08-15T12:21:52.359244,
electronics,ISO13485 FactoryElectronics94V0 Printed Circuit Board PCBA with Electronic Component for Medical Device Power Adapter PCBA,https://nick-lee.en.made-in-china.com/product/smprncJzuqVR/China-ISO13485-Factory-Electronics-94V0-Printed-Circuit-Board-PCBA-with-Electronic-Component-for-Medical-Device-Power-Adapter-PCBA.html,8517709000,PCBA-20230506-001,1.5,USD,1.0,,"ISO13485 FactoryElectronics94V0 Printed Circuit Board PCBA with Electronic Component for Medical Device Power Adapter PCBAUS$ 1.5/ Piece1 Piece(MOQ)Shenzhen Grandtop Electronics Co., Ltd.Shenzhen Grandtop Electronics Co., Ltd.Diamond MemberAudited SupplierGuangdong, ChinaView larger video & image5(5.0)""Fast Delivery""Fast Delivery","Shenzhen Grandtop Electronics Co., Ltd.",https://nick-lee.en.made-in-china.com,5.0,5.0,Industrial,"Guangdong, China","2-3 Floor, Building 15, Hualun Technology Park",,2025-08-15T12:22:05.351138,
electronics,ISO9001 Certified 220V Control Toroidal Transformer forElectronics,https://dongliangelectric.en.made-in-china.com/product/HaXpmiNvCOWA/China-ISO9001-Certified-220V-Control-Toroidal-Transformer-for-Electronics.html?ads_tp=&ads_id=zsJAbNqVAile,,JMB,5.0,USD,1.0,,"ISO9001 Certified 220V Control Toroidal Transformer forElectronicsUS$ 5-30/ Piece1 Piece(MOQ)Dongliang Electric Co., Ltd.Dongliang Electric Co., Ltd.Diamond MemberAudited SupplierSecured TradingZhejiang, ChinaManufacturer/Factory & Trading CompanyEnjoy trading protection from Made-in-China.comView larger video & image","Dongliang Electric Co., Ltd.",https://dongliangelectric.en.made-in-china.com?ads_tp=&ads_id=zsJAbNqVAile,,,Our company,"Zhejiang, China","No. 388 Jingqi Road, Yueqing City, Wenzhou",,2025-08-15T12:22:09.265717,
electronics,CustomElectronicsManufacturer Advanced Technology Wholesale Price for Fan,https://pcbasic.en.made-in-china.com/product/SJfrwZDlXMUg/China-Custom-Electronics-Manufacturer-Advanced-Technology-Wholesale-Price-for-Fan.html,,Fan,0.9,USD,1.0,,"CustomElectronicsManufacturer Advanced Technology Wholesale Price for FanUS$ 0.9-3.9/ Piece1 Piece(MOQ)JS Technology Co., Ltd.JS Technology Co., Ltd.Diamond MemberAudited SupplierGuangdong, ChinaView larger video & image5(4.0)""Nice Service""Nice Service","JS Technology Co., Ltd.",https://pcbasic.en.made-in-china.com,4.0,4.0,"Post Sourcing Request













JS Technology Co.","Guangdong, China","808, Building 1, Hangcheng Zhigu Midtown Future Industrial Park",,2025-08-15T12:22:16.697842,
electronics,Multi - Color PVC Cable Flexible Ideal for DIYElectronicsProjects,https://nbhydqyxgs.en.made-in-china.com/product/hUCpAzRDVGcr/China-Multi-Color-PVC-Cable-Flexible-Ideal-for-DIY-Electronics-Projects.html,,60227IEC05,,USD,,,"Multi - Color PVC Cable Flexible Ideal for DIYElectronicsProjects5000 Meters(MOQ)Ningbo Haoya Electric Co., Ltd.Ningbo Haoya Electric Co., Ltd.Diamond MemberAudited SupplierZhejiang, ChinaManufacturer/Factory & Trading CompanyView larger video & image","Ningbo Haoya Electric Co., Ltd.",https://nbhydqyxgs.en.made-in-china.com,,,Ningbo Haoya Electric Co.,"Zhejiang, China","Ningbo, Zhejiang, China",,2025-08-15T12:22:20.470231,
electronics,SmartElectronicsShenzhen Customised Multilayer Fr4 PCB & PCBA Manufacturing and Assembly PCB Circuit Board Manufacturer Custom PCB,https://smartbes.en.made-in-china.com/product/zGorhpYuJFVR/China-Smart-Electronics-Shenzhen-Customised-Multilayer-Fr4-PCB-PCBA-Manufacturing-and-Assembly-PCB-Circuit-Board-Manufacturer-Custom-PCB.html,8517799000,Custom,0.2,USD,5.0,,"SmartElectronicsShenzhen Customised Multilayer Fr4 PCB & PCBA Manufacturing and Assembly PCB Circuit Board Manufacturer Custom PCBUS$ 0.2-0.9/ Piece5 Pieces(MOQ)Shenzhen Smart Electronics Co., LtdShenzhen Smart Electronics Co., LtdDiamond MemberAudited SupplierSecured TradingGuangdong, ChinaEnjoy trading protection from Made-in-China.comView larger video & image","Shenzhen Smart Electronics Co., Ltd",https://smartbes.en.made-in-china.com,,,Your Premier PCB & PCBA Manufacturing,"Guangdong, China","No. 403, Shangshuijing Complex Bldg, Jihua Rd.",,2025-08-15T12:22:26.540670,
electronics,OEM ODM 3.7V Prismatic Battery Cell Lipo Battery for ConsumerElectronics,https://dtpbattery.en.made-in-china.com/product/cTjYqoPJXIVX/China-OEM-ODM-3-7V-Prismatic-Battery-Cell-Lipo-Battery-for-Consumer-Electronics.html,,ISO9001,0.7,USD,2.0,,"CB certifiedvalid since 2024-07-26(contact issuer for current status)OEM ODM 3.7V Prismatic Battery Cell Lipo Battery for ConsumerElectronicsUS$ 0.7-1.5/ Piece2 Pieces(MOQ)Shenzhen Data Power Technology Ltd.Shenzhen Data Power Technology Ltd.Diamond MemberAudited SupplierGuangdong, ChinaManufacturer/Factory & Trading CompanyView larger video & image5(5.0)""Awesome Customer Service""Awesome Customer Service",Shenzhen Data Power Technology Ltd.,https://dtpbattery.en.made-in-china.com,5.0,5.0,Shenzhen Data Power Technology Ltd is a rich experiences of manufacturing battery company,"Guangdong, China","Room 905, K Lifang Plaza, Longfeng 3rd Road",,2025-08-15T12:22:33.778717,
electronics,CustomElectronicsComponent Module Fr4 Circuit Board Manufacturer OEM Design Motherboard SMT Assembly PCBA Printed PCB,https://gzkevis.en.made-in-china.com/product/nTHUgfkuRehr/China-Custom-Electronics-Component-Module-Fr4-Circuit-Board-Manufacturer-OEM-Design-Motherboard-SMT-Assembly-PCBA-Printed-PCB.html,,Electronic,0.1,USD,1.0,,"CE certifiedvalid since 2024-12-20(contact issuer for current status)CustomElectronicsComponent Module Fr4 Circuit Board Manufacturer OEM Design Motherboard SMT Assembly PCBA Printed PCBUS$ 0.1-1/ Piece1 Piece(MOQ)Guangzhou Kevis Electronic Technology Co., Ltd.Guangzhou Kevis Electronic Technology Co., Ltd.Diamond MemberAudited SupplierSecured TradingGuangdong, ChinaEnjoy trading protection from Made-in-China.comView larger video & image","Guangzhou Kevis Electronic Technology Co., Ltd.",https://gzkevis.en.made-in-china.com,,,Guangzhou Kevis Electronic Technology Co.,"Guangdong, China","Room 601-3, Building D No. 7 Caipin Road, Science City",,2025-08-15T12:22:40.334144,
electronics,Circuit Board Assembly PCBA HouseholdElectronicsfor Kitchen Appliance 165W 168W 24V 1A Power Supply,https://saqcnpcba.en.made-in-china.com/product/MUepNyIvrthc/China-Circuit-Board-Assembly-PCBA-Household-Electronics-for-Kitchen-Appliance-165W-168W-24V-1A-Power-Supply.html,8504401400,AC90,0.89,USD,100.0,,"Circuit Board Assembly PCBA HouseholdElectronicsfor Kitchen Appliance 165W 168W 24V 1A Power SupplyUS$ 0.89-1.99/ Piece100 Pieces(MOQ)Shen Zhen Saqcn Innovation Technology Co., Ltd.Shen Zhen Saqcn Innovation Technology Co., Ltd.Diamond MemberAudited SupplierGuangdong, ChinaManufacturer/Factory & Trading CompanyView larger video & image","Shen Zhen Saqcn Innovation Technology Co., Ltd.",https://saqcnpcba.en.made-in-china.com,,,Shenzhen SAQCN Innovation Technology Co.,"Guangdong, China","4th Floor, Building 4, Donglongxing Technology Park",,2025-08-15T12:22:46.851626,
electronics,OEM ServiceElectronicsPrinted Circuit Board PCB Double-Sided Multilayer PCB,https://haizhanni.en.made-in-china.com/product/PTfYxMQuqqWF/China-OEM-Service-Electronics-Printed-Circuit-Board-PCB-Double-Sided-Multilayer-PCB.html,,555,0.1,USD,10.0,,"OEM ServiceElectronicsPrinted Circuit Board PCB Double-Sided Multilayer PCBUS$ 0.1-10/ Piece10 Pieces(MOQ)Zhejiang Haizhanni Electronic Circuit Co., Ltd.Zhejiang Haizhanni Electronic Circuit Co., Ltd.Diamond MemberAudited SupplierSecured TradingZhejiang, ChinaEnjoy trading protection from Made-in-China.comView larger video & image","Zhejiang Haizhanni Electronic Circuit Co., Ltd.",https://haizhanni.en.made-in-china.com,,,Our company,"Zhejiang, China","Jinhai 1st Binhai 11th Intersection, Xinghai Street, Wenzhou Bay New Area",,2025-08-15T12:22:52.951308,
